,X1,X2,X3,X4,X5,X6,X7,X8,X9,X10,X11,X12,X13,X14,X15,X16,X17,X18,X19,Y
0,8.879743683,4.071660079,9.439898401,6.742424019,13.22030781,0.415550091,0.077383014,817.7118605,6.683047702,2.135117118,15.58086901,10.53249908,0.25559166,9.772178564,25.41383439,37.39225291,1.042175925,0.401739136,8.966919397,0.347347946
1,10.33050188,4.600859259,11.01497564,10.27859356,14.82426171,1.157526592,0.105949977,775.5594702,7.056709901,2.54717771,16.79225223,16.7236619,0.984134321,22.90433181,20.02830929,40.34685959,1.734693418,0.561391279,6.009579622,0.347898517
2,9.745295377,3.694849972,10.051832,8.367488146,9.601862332,0.621188804,0.142635171,564.9267357,6.775243727,2.190488377,15.06391533,10.22536693,0.544003864,14.95688475,15.38403519,32.96687857,1.162694515,0.419715415,5.068690223,0.31503033
3,8.699863311,3.56971658,9.152172784,7.292504128,12.44634489,0.482615139,0.045559758,725.0133667,6.484702279,2.127847079,14.64014126,9.801814928,0.332633532,12.77388188,18.18811748,32.85342216,1.092033337,0.321104971,8.181961905,0.29494847
4,8.714823494,3.449631791,9.222586852,7.46834052,8.394220249,0.557060233,0.0648392,640.7323242,5.763399227,2.098655293,13.91049307,8.872702461,0.373625987,13.87709775,14.42291185,32.72850677,1.178970418,0.25873462,2.93449159,0.29170522
5,9.361453797,3.867082274,9.340656317,7.704374495,8.55258097,0.71858165,0.116384306,664.7926469,6.2029542,2.140368044,14.40086453,8.386567904,0.399411616,16.30181105,12.94078661,36.47221419,1.366513398,0.328662484,1.978293,0.2883873
6,10.12374609,3.594144039,9.459653255,7.574997773,14.23877182,0.807554381,0.106024289,743.8893579,6.933163827,2.150931973,16.52356774,13.06850769,0.507515421,18.91191258,13.76001665,40.4523649,1.476981123,0.417610835,2.082340614,0.289073584
7,10.57171955,2.931871723,12.07665523,8.395575659,7.537795835,0.498027816,0.106708386,498.3325626,6.332946189,2.024804405,17.09761326,18.80067289,0.797232856,13.72984686,16.87139571,24.77215761,0.840286257,0.291472744,4.059032247,0.339868639
8,10.60436777,3.535696984,11.29178043,8.678433829,8.002968734,0.560121973,0.06687999,609.5082113,6.402935724,2.115642411,17.3939069,16.54591501,0.738782968,10.40039922,18.81774187,17.86695838,0.686837695,0.316754398,4.871330204,0.327721512
9,10.99334905,3.762401455,10.69371114,9.751397374,8.219731555,0.567395489,0.057441338,455.6220734,6.395245554,2.243903295,18.76277401,14.36364379,1.056664607,16.21801745,18.04307831,31.89593225,1.14561655,0.338914662,2.223337714,0.741981615
10,11.81067784,3.706038814,11.66667103,10.33467244,13.57129495,0.724505784,0.154666428,693.8261265,7.307643801,2.362556645,19.34516433,11.03257769,1.241768848,23.6973036,24.31630969,44.33057445,1.377578178,0.490400212,3.092219974,0.785348307
11,10.19991786,3.539615967,9.55346804,9.422745947,6.303264057,0.455379704,-0.002674578,457.9538382,5.428038206,2.18535126,17.88239803,12.70384869,1.011576042,17.66915617,15.24088826,34.39734451,1.363893867,0.264794063,1.650005153,0.687506354
12,8.400542843,3.543936856,9.301871147,7.648308531,4.475606033,0.519833504,0.088052066,570.6146963,4.79156535,2.046507008,12.49886204,7.435985536,0.40146302,11.91049301,14.36836464,26.90918464,1.095238122,0.197787074,1.829062821,0.295517849
13,8.564548853,2.004626388,11.19653473,6.941071365,14.73820998,0.236077313,0.058341196,647.7029682,6.449478718,2.027842154,12.19073814,1.7819026,0.654559644,13.03081553,7.061205714,29.54442357,1.262960681,0.094736236,8.610247516,0.524804109
14,10.11305711,3.848209795,10.13234011,9.100703096,13.29653666,0.649119107,0.090669005,599.8834466,6.68541887,2.337744507,16.56754137,12.80170719,0.749351436,13.57833103,17.43987234,30.06386637,1.323924303,0.488537996,3.815885292,0.740472515
15,9.729301301,4.356569035,9.183094598,9.494999211,7.553754806,0.788159631,0.077605845,606.5074869,5.155142111,2.209141409,15.87164428,9.67378779,0.656709794,13.83172693,15.56886861,30.44850481,1.317238452,0.284841323,1.316534303,0.291036199
16,10.44423013,4.108417942,9.55539796,9.135050283,9.979051293,0.816494406,0.119190511,597.6359658,6.742205873,2.216633812,15.62285942,9.375213718,0.821761925,15.12563171,18.66253887,31.41975405,1.26536723,0.43543115,2.164533281,0.314960791
17,9.928732015,3.716792299,9.592234311,8.295873229,16.36798977,1.254308106,0.042618434,611.6364542,6.467558637,2.260142008,16.39845623,14.08519912,0.946095215,24.3249173,13.28593419,39.07443094,1.486998867,0.416104877,5.090942442,0.314873294
18,10.34045524,3.545792758,10.00763422,8.176353938,9.969011739,0.734365407,0.187959234,572.5978704,7.763247678,2.109088286,13.05690913,6.289519117,0.625233173,13.96987917,18.39984319,31.1291172,1.169580409,0.420559453,3.746124248,0.291021529
19,9.537213305,3.652847432,10.00622806,9.016219357,10.43678539,0.783587053,0.111467938,655.3836979,7.152061057,2.278559913,14.52007367,9.461341444,0.615783353,19.55283097,16.64902044,37.31338888,1.589382245,0.399838529,3.824718255,0.288838881
20,6.051138897,3.149635149,9.471584013,8.303230444,3.727342874,0.32207572,0.009795169,513.7577206,4.556127019,2.170928954,12.94624624,7.433575462,0.500553078,19.1058306,5.636223751,38.5224803,1.419896497,-0.022033235,0.852201142,0.293528807
21,6.497810404,3.11479657,8.759803157,7.473154884,3.713648687,0.500950262,0.028364164,490.1125883,4.71412145,2.095585692,14.24169061,6.971061854,0.439976715,18.32583113,5.813638053,36.79525221,1.432861719,0.029996568,1.196224676,0.297494111
22,8.007913762,4.051352041,10.42125701,9.699224302,9.513694491,0.707249677,0.07277829,676.8910982,5.545673043,2.491534655,16.1025885,10.6162087,0.821195866,22.45612383,12.02907227,40.68665671,1.798908929,0.240569139,1.819436726,0.375394362
23,10.84952584,4.232870684,13.43377499,8.753917783,21.08051085,0.932814791,0.099870274,804.2743807,7.936633673,2.542627504,20.83309582,20.32938732,0.895356069,17.61951719,22.32495794,38.35505818,1.428902174,0.485591441,15.63497952,0.369785378
24,7.747566074,3.981808096,9.892027159,10.53646152,8.725033086,0.694689709,-0.044774172,603.3853633,5.138520757,2.535588921,17.13131216,8.615981711,1.104173002,26.26441827,12.2951634,42.91521684,2.119842172,0.162048955,1.785493788,0.592936448
25,10.60174131,3.496637241,8.414589728,8.661579285,3.222718239,0.619362565,-0.102292232,512.537086,5.565324704,2.070441507,20.17118076,9.456282467,1.069618094,20.29894443,18.95795321,40.47283821,1.458171142,0.365416588,0.361777818,0.634925899
26,10.58226626,4.464181461,11.03519353,10.66511239,16.03241814,0.807348319,0.128178907,705.0640942,7.206277662,2.423663947,19.49196303,14.32187313,1.139605264,19.06205981,16.02116807,35.72784671,1.658102809,0.54649536,5.951259082,0.693837759
27,9.498608238,4.070878476,10.79158457,10.571426,12.87004872,0.998923555,0.047224256,601.555476,6.424377355,2.592860596,16.27093507,11.37825567,1.192860569,22.65538116,15.39968298,36.28711406,1.683283776,0.377760111,3.14505131,0.618223333
28,10.23966137,4.184899835,10.00177184,9.837449603,11.60889239,0.769547322,0.068398508,649.5482866,6.50132438,2.393102426,17.129708,13.42201424,0.952891659,19.21171789,18.17811521,39.75284592,1.467472128,0.518148851,3.018904091,0.660389774
29,10.67914414,4.670927139,10.86882706,11.16090356,20.32146437,0.793083559,0.120228465,715.4363552,7.82660422,2.630522302,19.4618281,17.83805467,1.019165341,18.91783069,20.64832795,40.20262281,1.664472753,0.623596342,8.55872745,0.486348642
30,9.788216708,3.523665943,9.913159963,8.525756387,20.78482685,0.555632331,0.085814092,717.881676,7.474900204,2.38653532,16.43324906,13.29254899,0.689207535,19.16749654,10.91791464,37.38759652,1.611789665,0.414111873,8.2551408,0.625914893
31,11.1363807,4.049499026,13.93576783,10.75613985,21.85827287,0.827657129,0.130696211,669.405095,7.418558458,2.78056599,21.16372126,11.14882895,1.371429984,22.49661467,20.03686131,39.47208889,1.647123912,0.405631339,15.97496554,0.540613498
32,9.41338729,3.664627299,10.54900341,10.16140878,21.51753603,0.574181287,0.039802238,738.5808384,7.605793637,2.539710591,16.45195931,12.52711716,0.905297007,21.53413568,16.61118033,45.88534653,1.802270909,0.40537366,12.13097925,0.466564935
33,11.04770697,4.346581515,12.3596886,11.57939058,24.44428697,0.775349568,0.148561442,668.4971128,7.862251729,2.834058674,19.24409732,12.18269467,1.298868482,20.13798577,20.61641197,41.17202217,1.670063059,0.54374305,14.09873798,0.469100586
34,10.29137682,3.461505331,11.87686725,9.898795163,20.51394577,0.61178542,0.167867173,612.9505924,7.278976808,2.544441345,15.99267139,12.71350707,1.128758101,20.12072786,14.00146774,39.60082396,1.572251,0.4162247,8.843472481,0.467042696
35,9.62141387,3.506326891,11.70606851,8.684992897,8.772744862,0.514294502,0.099991197,500.2275773,6.104024037,2.091614478,17.92983007,16.32058569,0.835529413,12.66518588,12.81644713,19.85027518,0.902815797,0.357287724,5.17179707,0.370221197
36,10.0390439,3.422568339,11.21583599,8.420484225,12.19783901,0.55619083,0.1672876,531.777506,6.790392579,2.245122698,17.48009044,12.35462337,0.975300796,15.48918434,8.700282387,23.62363049,1.05286574,0.315250467,4.74551052,0.467251037
37,10.37403677,3.603676058,13.28137786,9.557713531,20.12024123,0.664342867,0.166233464,566.1368144,7.054429309,2.530734383,18.65141554,14.20531328,1.214672497,17.89535578,15.58773496,27.57118521,1.22921778,0.353019784,9.973474368,0.610067842
38,9.38017727,3.714936349,8.855934336,7.539662508,3.587560174,0.584607878,-0.017488909,474.4007768,5.0857838,1.914211175,16.11330194,9.716712014,0.703483951,17.00476842,11.04424896,25.96844303,1.229786343,0.272544892,1.609310498,0.362527286
39,10.94138491,3.732342486,13.59600848,9.377440709,13.62962571,0.675730848,0.133318966,610.899586,6.879314434,2.27811354,22.03688427,18.43814256,1.251069244,19.79884652,16.04743469,31.70639492,1.27401412,0.377092259,9.949579906,0.460481847
40,10.92917537,3.266185204,14.05024396,8.977087863,15.23487627,0.679589992,0.135455356,565.9610286,6.794422647,2.346451196,20.9059334,15.64189163,1.396779857,20.6092523,14.02145735,33.65076103,1.311980859,0.327521352,10.32443,0.550880145
41,9.737596209,3.877613482,8.390214423,8.796194968,5.192029767,0.729210165,0.034979968,500.5164457,5.450736597,1.991014611,16.33652755,7.643184713,0.816650739,16.8558017,13.73600592,29.09246135,1.293478433,0.332147731,1.217748539,0.460819307
42,10.8971935,3.574529892,11.58799995,9.873801806,11.58900073,0.707716567,0.088458447,631.6196983,6.610278754,2.251376881,21.68412594,15.88304157,1.342370605,19.25130268,18.63993061,36.9675032,1.320631382,0.425224563,2.9437216,0.521723822
43,10.2175966,3.520730032,8.685113045,9.357930899,5.641777804,0.555424792,-0.051992083,497.2507233,5.323826895,2.080765807,19.09940784,11.48305213,1.146262458,18.95543564,16.93283556,36.50190147,1.298513832,0.342733012,1.013951138,0.53969059
44,10.04362999,3.956705054,9.620914524,9.115762697,8.334244388,0.753502965,0.03903209,570.2511073,6.029738192,2.226189152,17.15730047,11.23351747,0.945016533,18.24635043,14.8910376,32.88609424,1.399438361,0.439598234,1.314334562,0.637773057
45,8.528553486,3.534542533,8.576647675,7.113748155,2.703865561,0.567043659,0.013158163,383.3531977,4.098771394,2.062078283,12.80321351,6.360563242,0.657953215,15.70955444,10.97169109,30.61638398,1.319832422,0.17725077,0.323204196,0.595704397
46,8.848856782,3.727288452,7.793916262,8.63418101,5.96697901,0.650511927,0.029584869,531.7456207,4.592524399,1.905462687,15.81926668,7.436617265,0.776068289,14.95935583,10.94735088,27.17190073,1.221122221,0.26714855,0.877672502,0.462543787
47,10.55642891,4.002328859,9.72312399,9.293459547,10.43024077,0.776522472,0.113850417,647.3664428,6.385383928,2.145984399,16.18899688,11.12970209,0.907128692,14.54021933,17.91385221,29.11241835,1.392956834,0.440284199,1.01604302,0.617170955
48,8.829792495,3.761466032,8.756227624,8.300083544,4.265863989,0.626731942,0.053251617,485.3982455,4.939863533,2.006110888,14.7633015,5.598488015,0.757665304,15.41256942,12.43563575,30.06491415,1.327216476,0.214600397,0.503671468,0.602201247
49,9.771708999,3.823238386,8.836142669,8.650207248,6.776079485,0.698379161,0.087368374,559.8197922,5.380861133,2.090719543,15.09246875,8.408225633,0.779215162,15.73076592,15.09505002,31.98193297,1.325724443,0.317182435,0.778788939,0.542608245
50,7.517875341,3.076114463,8.26306223,7.680651055,1.171983836,0.264946254,-0.086188238,334.6158655,4.359015115,1.857016779,14.64913911,9.253481281,0.598436515,14.38177214,6.415760164,23.26807897,0.898047754,0.035108708,0.570024284,0.33654427
51,10.42124446,3.516331598,11.03544875,9.38782375,11.84321346,0.721433648,0.116234977,507.3893934,6.497539231,2.214097031,16.31881316,13.53366856,0.923916616,14.34364524,16.62275597,21.81821014,0.992251891,0.37946412,4.523865583,0.387628811
52,10.36106716,2.298019218,13.531627,7.527699965,9.6012391,0.441761751,0.181059104,518.3926075,6.77028955,2.030049125,14.00865765,14.94547984,0.674100877,11.78277727,16.0756153,19.46769304,0.723453952,0.242074246,3.086777494,0.325153363
53,9.486144323,3.023118797,9.089529157,8.734758753,3.163722337,0.341916277,0.006391387,459.5088235,5.77356032,1.928862564,16.52308041,15.91228582,0.840303826,15.29584334,12.20872948,31.94568088,1.075763036,0.183156674,0.891304647,0.371105391
54,10.39591609,3.031082877,10.63219587,8.970071331,7.679502829,0.504102227,0.101840294,556.4997214,5.968077045,2.04104835,19.06999141,15.04587105,1.067822761,17.66995947,16.43428788,32.26069713,1.12750224,0.333860643,1.801066388,0.363004191
55,9.864863772,4.198878855,9.000842679,9.176044569,3.889407188,0.453167389,-0.062149422,360.8324264,4.763853352,2.215105801,19.77675459,9.688937825,1.005003401,19.37406079,8.591718264,33.24397308,1.160762694,0.227543076,0.947004283,0.629898446
56,11.08260184,4.240695428,14.87600649,10.564798,20.1084485,0.95330716,0.100183178,622.2162587,6.848303663,2.692913364,25.49886385,11.23600675,1.604302098,25.35050171,20.51380733,36.19109574,1.591907976,0.418016782,16.62006875,0.545749323
57,10.04056196,2.845153767,13.82543064,7.533373008,16.47133553,0.733647041,0.125194436,673.2100782,5.975262925,2.26356603,21.55033436,5.747672723,1.206753256,20.58340764,10.0885156,26.07255835,1.244484473,0.271053887,13.98746243,0.689538042
58,11.33191079,4.386590767,13.97376622,10.59419095,19.70556495,1.165766834,0.09217766,634.3160085,6.654770134,2.731161537,30.69685705,12.38149308,1.808398524,27.32748013,24.35908373,38.53195555,1.729353175,0.506223692,13.23000827,0.566598225
59,10.93210709,3.18780429,12.97210653,8.664393624,15.37702933,0.783832297,0.157965043,625.6815669,7.216158587,2.50051057,23.21448913,15.13395456,1.470378654,20.40066886,14.37842555,33.30008206,1.1988282,0.346995179,8.173983948,0.550839285
60,9.204964595,3.327315497,11.42577122,9.54799619,21.62407056,0.924728151,0.065016712,639.7470844,7.030401542,2.51601771,27.11485183,7.453419588,1.648796513,22.95179191,13.99783393,27.67905846,1.223177105,0.444037415,14.57502077,0.404097626
61,10.94499067,3.939365312,11.23140702,10.08326177,16.85220157,0.985048202,0.097096568,670.4605704,7.337183485,2.599725166,23.30483957,11.52540692,1.692111884,23.30324473,18.92245942,38.74773179,1.466763367,0.529296478,6.479397311,0.540663172
62,10.71475783,3.834209106,10.23660948,10.01353538,12.94733197,0.814093875,0.061371778,685.1530699,6.777089088,2.337654446,22.15650998,9.176698365,1.471661993,22.06684413,19.51227535,43.32472017,1.540520736,0.500193514,1.958142739,0.625857272
63,10.66102407,4.351260364,11.08516294,10.74382193,22.15692975,1.009692976,0.068555749,669.2125416,7.032625464,2.753654563,23.83214391,9.393738914,1.609941091,21.70277142,19.67032432,32.42101957,1.429269992,0.565475352,9.2748723,0.461887015
64,10.56483891,4.12561974,10.84251546,10.4133289,20.58086146,0.930772112,0.093444933,671.2558755,6.906496027,2.548804561,20.64205742,7.872475836,1.494915453,19.99057625,16.73015198,31.16031857,1.161232,0.508014284,7.815573498,0.384275225
65,10.62165789,3.325266864,11.9458823,9.135618236,17.14663444,0.841065915,0.156588181,632.5048045,7.392234464,2.285321953,18.749331,13.48861744,1.241696449,21.58375486,20.50832248,40.09474716,1.373603549,0.452754996,7.949004275,0.592561014
66,9.85155723,3.545172475,8.523832103,10.27957514,6.896776299,0.422080134,-0.052625193,511.7109152,5.105392457,2.265798819,16.58328461,9.411869127,1.193040046,19.91855413,16.79339686,38.73404276,1.318048283,0.242266404,1.791707434,0.670795211
67,11.18024247,3.74855974,10.14920424,10.18089779,13.78761172,0.73145341,0.103166931,596.5595229,6.884466015,2.407684602,20.46444891,9.776494412,1.431404353,18.33179992,22.67515885,34.78986372,1.257970314,0.489854912,2.947926275,0.589003504
68,10.30366345,3.940649353,9.518744516,9.658449333,12.98351402,0.828083085,0.004885718,592.2349774,6.123218265,2.438753507,21.21258892,8.185284416,1.389732144,23.59095241,19.32964558,38.11578532,1.531970782,0.452294665,4.73680193,0.400806068
69,9.672251292,3.341458464,7.83999645,9.049042398,4.246918712,0.554273105,-0.088753025,521.9137415,4.96146514,2.190921855,17.07443283,10.27017346,1.130888823,20.84229195,16.79414023,40.08865137,1.435043605,0.23640729,0.957463867,0.562583656
70,10.15884995,3.701551175,9.03849907,10.66400953,8.321257959,0.654450501,-0.001247125,564.3289502,5.35990972,2.349322002,18.08881926,8.345711854,1.327091276,23.39794335,19.40417936,39.99270088,1.503532799,0.313753721,3.305659852,0.509379698
71,9.797212167,3.644713824,8.079601335,8.526588308,8.744455963,0.571297232,-0.069266862,535.4752188,4.09487829,2.23990788,16.50584472,5.408140166,0.985748154,25.26365317,17.84050235,42.28678139,1.539762615,0.178629252,4.075351746,0.392259312
72,11.10304727,3.192615827,10.40846522,9.748970263,12.49595796,0.573452384,0.102715704,644.5664797,6.72137708,2.339346561,17.45865439,9.66604935,1.255141468,19.42103005,19.78603614,36.68264774,1.297607669,0.385129427,2.374021261,0.730718557
73,11.57869523,4.294922577,10.62397989,10.3986534,13.15733979,0.80592806,0.039929391,630.9456383,6.346032116,2.540524404,21.44444117,9.370872847,1.313841693,23.94231993,18.7800908,41.26008372,1.444479989,0.508398219,3.961882653,0.695721561
74,10.78962576,4.393820563,10.01278176,9.445742885,10.58323188,0.728199938,-0.023057165,478.482467,5.925524324,2.336155458,20.10651424,5.037458208,1.122329892,21.12896784,14.95611557,37.30905718,1.366868034,0.413510012,4.494022281,0.743933883
75,10.24050091,3.992600036,10.07113103,9.165695994,11.27950707,0.717721412,0.08510683,504.0966837,6.175698287,2.267349793,18.12375778,3.262067919,1.060360233,19.90940156,9.046564114,37.58259148,1.564439184,0.283863734,2.974509782,0.616279865
76,9.998716134,4.14860488,9.836411332,9.862294633,12.02850006,0.663183706,0.038399842,617.9977295,5.468365774,2.35758813,17.67501747,6.860464915,1.214025746,24.27745781,14.44644786,44.27646896,1.646508081,0.161639791,4.172215326,0.534838781
77,11.28503265,4.313382958,11.19169343,10.37058617,16.76390906,0.901835997,0.050609016,574.8859269,6.59496742,2.568925267,20.99997662,9.889587256,1.342506865,21.61506568,22.80799567,36.36268079,1.36947293,0.517639262,4.638909572,0.62312081
78,11.58012866,3.51992885,11.28304477,9.710174429,16.51517244,0.670140883,0.151654831,639.1703584,7.062201718,2.408872425,17.91256153,7.298321603,1.232849936,17.52925101,23.96653904,33.17761904,1.274920438,0.453101101,5.244989513,0.755579939
79,11.12832695,2.483260288,12.0769189,7.883766576,15.63951117,0.559572308,0.185476406,619.1778823,7.523664747,2.22235004,14.63929007,6.155049857,1.014893807,19.24885069,19.50539,34.85795083,1.28456512,0.366995144,2.718551683,0.752674379
80,11.22075865,3.637385263,10.9078596,9.969948823,14.17649578,0.670691577,0.125874989,675.6599118,6.649880657,2.428559554,17.87522219,7.11203554,1.225027246,19.18031092,22.62567612,34.76692866,1.377954804,0.465489513,4.020278253,0.6974929
81,11.05680422,4.115446105,10.57008307,10.0574229,12.60311611,0.773539051,0.049809776,620.1959052,6.385249256,2.436428115,18.4288795,5.693970038,1.250932648,21.95861536,18.7997386,40.39997217,1.584744036,0.421954657,4.110926884,0.768078594
82,10.33570948,4.167198475,9.379676136,10.9329451,9.394822044,0.579286973,-0.022409233,487.1974109,5.754140982,2.397862645,18.98476031,8.364311492,1.262735216,20.66460192,19.01123244,38.55542625,1.338773075,0.280761488,3.38247057,0.623514438
83,10.72060658,4.146532222,9.646173711,11.57667548,10.47778554,0.712183589,0.016223701,556.8618089,5.871581805,2.451489511,18.76453578,11.17836308,1.443539824,22.33168752,20.67117258,40.73433736,1.442722368,0.362477688,4.381142432,0.786427592
84,10.1621433,4.284687732,9.255346191,11.02988148,10.09715979,0.638851665,-0.055081955,522.7746475,4.98305059,2.415777771,17.97384224,10.05334085,1.312284703,21.72878513,19.0377821,40.51666735,1.635554631,0.219377597,5.934823412,0.580863134
85,10.9851304,4.096761313,10.66193189,11.405312,15.11612804,0.815413091,0.065943856,627.8510844,6.660099617,2.47867496,19.10403754,10.01243017,1.515801441,21.28565027,25.7160057,37.79221722,1.426137023,0.455272125,5.997080772,0.758144302
86,8.880909091,3.312149247,8.355102616,9.734901592,6.902181505,0.459881004,-0.091931644,474.7508697,4.30631307,2.26243437,15.74064494,7.96165125,1.125381031,23.21286493,18.26850735,38.13830514,1.553727785,0.103497686,4.523988334,0.44055473
87,9.974823767,4.093068083,9.741810169,10.06648948,17.57994438,0.846055691,-0.054597332,564.4357706,5.382257476,2.468546344,18.91923901,5.531226792,1.33279004,25.53244961,17.08739326,39.93312406,1.484216737,0.324227532,5.873666318,0.386660133
88,9.643997687,3.802759753,9.665545134,10.09637107,15.17770351,0.667002799,0.022004988,629.7050559,5.135748317,2.38599391,17.17720207,9.409561159,1.267951302,23.22013925,19.41300615,40.67772259,1.548308213,0.141357386,5.983546932,0.55605613
89,9.231159959,3.613021,8.619990787,8.359149035,11.48578976,0.569544294,-0.099761866,500.3886325,3.965794466,2.20243777,14.80807739,5.374544019,0.991151503,24.37541915,8.170141592,40.84738423,1.671342123,0.039137997,2.263842566,0.415187332
90,10.08175778,3.599397458,10.19657752,8.753677855,14.03951255,0.774475914,0.103217554,598.8843161,5.976179148,2.235117117,17.47720203,6.235190341,1.180560634,24.33172784,8.673477076,43.96870204,1.680960539,0.25951596,2.357192776,0.616777852
91,9.851045475,3.11150684,10.85631632,8.54693066,17.18182678,0.833132256,0.146378271,551.9625844,7.216918426,2.29699469,16.71587252,8.054745795,1.334249127,25.0840737,13.87810021,41.39223057,1.540218672,0.328038175,5.30347424,0.732542501
92,9.436788226,3.922461621,10.69425008,9.631314162,19.02198023,0.876686541,-0.095409697,555.7553471,6.317750895,2.391987934,17.91960055,3.012574204,1.370865348,29.39698392,8.894595399,42.30479747,1.725954554,0.196712805,2.681565398,0.448595894
93,9.92094191,3.84678167,10.72344382,9.045971144,14.75798492,0.962371411,0.018007238,510.6617094,6.290444938,2.285740456,19.25388759,3.327055234,1.201702413,24.02436968,8.476843593,38.75203437,1.466518212,0.343957985,7.39623604,0.600314913
94,10.47383183,3.651712945,9.715684968,8.3771245,12.86253012,0.709046723,0.148423324,600.2829114,6.88291934,2.13489532,14.32721392,10.63776541,0.894447679,15.99504452,17.70959867,34.39610091,1.372713407,0.392099354,0.828279762,0.60581206
95,11.05007816,2.735883144,11.47335295,9.115986752,14.49882475,0.560484457,0.182245136,566.6393614,7.197271622,2.211506509,17.27217658,12.27722424,1.222355944,15.76984066,18.33556801,30.15391151,1.08362099,0.362913211,2.270508895,0.693097364
96,10.08912125,3.480900763,8.976409266,9.655216652,5.908083366,0.474354066,-0.011014969,516.4538405,5.848981642,2.175609239,17.20075324,11.69872296,1.138827784,19.42164136,16.8035039,38.29339961,1.32436841,0.323212928,1.294776963,0.617436538
97,9.845994135,3.487355742,8.222170262,9.558744567,5.557782731,0.484833243,-0.06965317,557.7906255,5.501286645,2.150700574,17.52258183,9.603651039,1.179357777,19.61376892,17.64597673,40.05483133,1.3986912,0.271973217,0.975740001,0.563899812
98,10.39072802,4.305928238,12.64557809,9.945724468,15.53012707,1.017787403,0.029009795,559.362809,6.825961495,2.592457792,20.43119467,15.40403257,1.253432007,26.63907143,18.7282152,40.59164349,1.536121292,0.504328982,8.29034043,0.366978916
99,10.30343777,4.326215694,12.1438723,9.896305037,13.73322138,0.998466468,0.040749065,591.7959555,6.676755639,2.616551458,20.01344713,11.54690058,1.099735591,23.86376421,16.04223763,33.97429626,1.515417973,0.46255636,6.438835139,0.339620641
100,10.39465325,3.873139238,12.82219923,8.330742399,19.43245257,0.919857757,0.152891999,734.5644483,7.199998676,2.566551768,18.00162577,20.26980467,1.04424609,23.06499241,15.99929141,33.10227872,1.548973439,0.438880943,10.38413437,0.347420574
101,10.47258895,3.034924366,12.62104101,7.087802332,14.31670818,0.865434585,0.19192834,596.1985017,7.337760763,2.332799682,15.95289032,19.68568805,0.978784844,19.97633807,7.391257529,25.85621743,1.135186,0.404590746,7.247579885,0.337416458
102,10.71002725,3.455978678,14.74903677,7.336037982,18.51038513,1.283694972,0.276891081,577.5216651,7.076263235,2.232463218,19.19786073,15.20579677,0.991907493,19.83731506,11.99267436,26.09156806,0.961882946,0.404430157,15.01620057,0.379351169
103,10.58568631,3.464004604,12.15800473,7.383471566,14.47314301,0.867344914,0.164799135,636.6847903,7.661471715,2.253237884,15.89641623,11.50538417,0.888162995,19.62578687,16.6174303,31.20111592,1.403039966,0.404026367,4.750612708,0.339565568
104,10.24610416,3.59195628,11.77907927,8.830491762,18.92164897,0.89195233,0.16227436,699.9719668,7.456809105,2.491281587,15.3370823,14.73823794,1.093464905,22.96034795,18.03770098,34.54202096,1.579994577,0.45327287,6.107511773,0.390369745
105,9.901743088,4.831063011,13.90767823,9.901095091,23.23220668,1.966616574,0.455226566,600.4350417,7.18120818,2.583612649,25.72698423,17.39661492,1.517327846,42.47312861,13.65146147,34.80279104,1.761974318,0.549294756,22.66466231,0.407660848
106,9.133127046,4.257699522,11.91596016,8.880696688,15.2943854,1.412446406,-0.081450788,645.9858057,6.632916641,2.352616966,19.7772726,11.12966234,1.221866345,27.64863497,11.42801797,36.51242038,1.699073165,0.445237454,9.537859622,0.397433096
107,11.18468894,4.152779826,12.38237927,9.248432134,18.3687922,1.176495525,0.195104992,742.8689404,7.549071212,2.613870513,23.31319381,12.92907583,1.479515819,26.3151564,21.11318823,39.87703838,1.514091011,0.557325114,6.641972443,0.52638839
108,10.85317291,5.06817617,13.49940822,10.76964214,24.18296062,1.849670912,0.439986531,568.9502826,7.482824887,2.842054719,27.58308971,14.21561976,1.716731538,31.50893742,24.25098885,33.40071216,1.528565613,0.646312698,16.67737828,0.506121566
109,9.123911089,3.766231572,14.04986151,7.130188093,18.56833225,2.233076026,0.205875525,474.8710852,6.373230264,1.999746966,22.13228778,13.84178126,1.463606519,24.10706179,4.316694088,14.48758548,1.047802841,0.303544962,22.65090063,0.699229699
110,11.08628266,3.558574816,11.84682396,8.450768479,16.63171177,1.191187033,0.276716577,707.9843272,7.408848482,2.503743067,19.7266872,14.58817876,1.374560469,21.93848595,19.52214907,33.36942614,1.294422745,0.493106475,11.45561946,0.610527687
111,9.725977402,4.238073618,12.34834581,9.021643312,20.20206462,1.748626733,0.146160823,630.8750524,7.059825504,2.399818716,24.11271426,9.353488221,1.53822329,30.77325581,14.01536577,29.44910286,1.406828593,0.443361134,17.45866704,0.575734363
112,10.74793612,4.824863755,12.3256499,10.19505505,20.75414498,1.25362779,0.068156878,683.3345197,7.380886153,2.681840488,24.04450974,14.6397491,1.520019796,26.09547918,21.14814201,38.49215804,1.44344853,0.582252862,10.30550877,0.426864171
113,10.89614412,3.833626409,14.97642914,8.47484202,17.99001132,1.79360595,0.585905117,654.2314142,7.629818178,2.482576791,23.07492441,10.35717756,1.416885306,25.75186261,14.97384435,33.20957932,1.319437122,0.560127051,8.720547538,0.444824187
114,10.27095124,3.43965856,13.16385493,7.85053246,14.35635049,1.079082902,0.260764794,682.841906,7.344738938,2.435147139,18.441994,12.33098538,1.212580546,22.7914174,8.651124984,28.06399128,1.230423767,0.469802087,7.014270411,0.39794586
115,10.46308691,4.163689985,11.11465502,10.53798821,13.34972692,0.921143739,0.056726707,617.8081449,6.774991617,2.486406366,17.9446633,13.18137484,1.198916781,20.02963753,18.90948237,30.4617216,1.437393758,0.396787085,4.278268896,0.505733254
116,10.46868786,3.30389395,10.34546796,9.24142601,16.24465824,0.77718544,0.16037623,592.2405671,7.119347841,2.239062692,13.93112408,10.57998904,1.068137786,14.22916461,16.86873865,25.06383179,1.02226141,0.383181524,2.663796933,0.632198604
117,6.914287146,2.289450407,9.888739627,5.110917119,9.033828137,0.710493486,-0.071261781,237.0912062,5.133210652,1.800257823,14.26135239,7.956055464,0.716220789,42.17975851,3.4020783,18.36972889,1.557257698,0.007025846,10.55078318,0.567459892
118,9.18027028,1.496788675,9.518174642,5.556607819,8.877900887,0.581001825,-0.061768226,427.3604166,4.982251603,1.646841173,14.98905472,3.472888741,0.592369953,23.30433229,1.233213447,13.82683291,1.089434646,0.083773946,6.693610809,0.494629211
119,9.474850628,2.89381483,14.8170271,6.148796892,11.37414559,1.050283846,0.061884264,548.4990715,6.994626073,2.125963526,15.8641606,8.174936348,0.75851262,54.47359991,2.900116836,13.59262008,1.822538694,0.26064178,11.14686204,0.583810532
120,8.596642017,2.795592186,8.207717422,6.505975657,13.08307316,0.357271411,0.031068035,751.9316136,6.963438199,2.045203132,13.90765508,8.310275876,0.494799017,16.68104041,4.057982717,28.17665869,1.267791805,0.217964093,3.068474729,0.323489719
121,7.691130497,3.718990582,10.02058476,6.469962663,14.39794436,1.6316847,-0.026772341,398.9834266,6.355961003,2.193046649,15.36394561,13.90888276,1.08922446,40.32184039,6.048542359,29.95500555,1.584084511,0.324516776,11.69206917,0.56485039
122,8.751098236,3.965825452,10.34689909,7.999892665,13.20279115,1.656322446,-0.111205676,472.3820725,6.429177345,2.258192722,16.83593396,7.932438463,1.159551677,34.63880366,6.819768065,39.44867161,1.904555358,0.376981459,7.579594936,0.515601866
123,10.74270682,4.954110068,13.03974017,10.51714942,18.08801873,1.214417408,0.064540519,780.325823,7.66960352,2.61352298,21.39233337,14.89474548,1.066252734,23.4783443,24.21021997,43.39872837,1.735215587,0.57088357,10.22932851,0.345878146
124,9.498117913,4.503483586,11.5444217,9.479394284,13.05179557,1.435206821,-0.028971104,520.5346298,6.503831834,2.511265401,18.02550825,13.96293394,1.067192609,26.49447008,11.80469526,41.66258624,1.75080271,0.450383608,5.601096349,0.466151131
125,9.808418566,3.092445146,10.55776715,7.617132321,19.77600902,1.258633106,-0.012301475,455.3410399,6.343920844,2.346998006,17.806393,13.47077349,0.879834604,23.9017494,5.451501782,23.19021484,1.183940605,0.366114471,11.74423227,0.42068415
126,9.822290513,4.077717837,10.79206519,7.410264028,18.80739215,1.47680432,0.115798056,613.6074555,7.108413878,2.476162914,15.77218,13.66011298,0.97571139,20.41921834,6.035404876,26.33261596,1.041731072,0.482721839,7.597465997,0.4019942
127,9.93482493,4.041894173,11.91725548,8.502472397,20.27348989,1.598243156,0.052227061,587.5700452,7.147801405,2.464110761,16.22150927,14.24371507,1.306548034,27.46937438,13.76290585,35.97946369,1.685327314,0.550216392,10.86040755,0.544422894
128,10.17827798,2.724146565,11.10204147,7.857740157,19.68627416,1.060166913,0.140133671,596.0496414,7.402152078,2.33956918,12.66534736,13.50199923,1.039284758,23.80697123,15.39079324,34.97224355,1.607577794,0.380600144,4.566041912,0.576089391
129,10.99624182,4.905592172,11.6329367,10.29432747,20.05842815,1.692213302,0.078439956,713.966106,7.530280358,2.701104548,17.75561859,17.79461839,1.306370641,29.02337831,21.33696119,45.90872176,1.955894743,0.572558525,7.785181072,0.664542492
130,8.148362425,3.743359414,9.336036831,6.901028932,13.42810472,1.601672306,0.031258533,457.2844131,6.370769449,2.19647503,14.80090558,9.60138381,1.055513053,39.4249747,4.377475205,35.89169614,1.779290663,0.29883669,6.4575139,0.603865518
131,8.566290845,4.248821641,9.569424756,7.94288189,13.46162515,1.471363227,-0.030360449,475.7063289,6.260223309,2.423095416,15.93354205,8.315568802,1.050725406,33.79028986,4.663564965,45.66976814,1.928595507,0.29555588,3.007036302,0.571893201
132,9.22983457,4.293039844,9.458852275,8.826206234,10.46403334,1.376879305,-0.022089837,543.7747695,5.777984889,2.392584887,16.57289049,10.359205,1.039628393,30.93456781,10.16246112,46.14170392,2.046533727,0.401796734,2.346093642,0.755118665
133,9.503363128,4.20170988,10.27037451,8.104305662,16.58573137,1.686102332,-0.053834596,515.7992152,6.576069027,2.354936083,15.47086286,11.35988272,1.12678059,29.15389403,9.738595919,38.98439941,1.748781865,0.414976607,3.470335792,0.604817128
134,8.80316332,4.181893682,9.774872478,7.164941898,15.94673011,1.745178157,-0.037763241,490.9317877,6.751194781,2.290316927,14.82943158,13.90292203,1.066039863,27.71559482,8.319775181,32.57706586,1.455777491,0.420536872,5.381678214,0.554069683
135,9.876471843,4.06214778,10.17156248,7.973947539,17.82028895,1.464661435,0.065754721,576.6164191,6.735538622,2.326950873,14.86570782,11.43835233,1.131135915,24.80292192,10.95432963,34.53263527,1.641358215,0.447068176,3.150775732,0.532864092
136,8.285296382,4.112859133,9.822817859,9.49656806,9.589277791,1.147916652,0.00799432,552.3135932,5.667109042,2.459376689,16.5306886,11.49560193,1.022489434,28.7723585,10.66050534,43.95665512,1.933036098,0.322998902,2.994210883,0.795900585
137,9.662367681,4.307908636,10.29647498,8.660058985,13.90567823,1.242676112,0.059542295,648.7577324,6.840601317,2.40728572,15.12360829,15.84013258,0.94860874,24.89758778,14.61139368,39.02929776,1.646901024,0.474646437,5.511108629,0.323712876
138,9.837821109,3.77683817,10.86807723,9.739425613,16.42205982,1.003001948,0.098660056,585.8724145,6.794434434,2.500898324,14.75512866,11.60514244,1.112972024,21.64950457,17.39083254,34.52695436,1.556758329,0.424031793,4.298781187,0.619502076
139,9.945241314,4.175910739,10.26825583,10.00785035,14.48681436,1.13116239,0.090852282,723.1652455,6.76790987,2.55479462,15.31501504,11.85578562,1.114344712,22.92058233,16.26819118,36.19001791,1.633089782,0.478691454,5.101660646,0.639118626
140,10.66405054,4.235854112,10.43801286,9.510006158,16.30108754,1.100274586,0.120052882,656.6404449,7.448946309,2.444700058,15.9628009,12.01554214,1.100729495,19.68614212,17.20116956,32.33748884,1.472438201,0.518821753,2.901972605,0.453827557
141,9.515289111,3.404705599,9.270717773,7.921301663,9.509516596,0.566446564,0.08870534,569.718879,6.182190338,2.166776934,14.37492509,10.23332526,0.626921258,13.63902817,11.14237103,29.57031752,1.243777843,0.330847128,2.357823661,0.375541728
142,7.31591513,3.85397651,9.926320203,9.683241022,5.182280444,0.52633816,0.063453944,521.3901064,4.500328003,2.449906835,15.16975546,7.260718665,0.774431693,23.53576257,6.846472229,43.69918005,1.835021682,0.038998216,0.197020182,0.499176219
143,10.6585062,4.148814437,9.834987548,10.0727516,15.14261162,0.90525918,0.121519569,635.8749051,7.254613403,2.332814245,16.18517234,10.82239721,1.116213377,17.23105937,17.31525896,32.97064923,1.567514065,0.467696203,2.279503412,0.771740012
144,10.94238385,4.150842193,10.16907474,9.877345676,13.33080359,0.906409489,0.130836727,566.5897245,7.011983466,2.361510011,16.52208927,11.89614322,0.990212751,16.45033999,19.53970088,36.21666924,1.437458959,0.500682628,2.0030933,0.868448585
145,11.01600845,4.055639976,10.09541862,9.729796126,11.40087973,0.898000081,0.155265551,649.4754237,7.353624581,2.373014915,15.20175674,11.10623549,0.898212107,16.88307259,17.64131036,33.96626991,1.398357613,0.493288693,2.218521267,0.419094116
146,10.08258809,4.430820585,11.32518408,11.18766023,12.59477695,0.980397744,0.014486307,631.1559678,5.900623045,2.664086694,18.73636244,13.64084856,1.244341752,26.68307451,17.46254461,39.43366344,1.923046482,0.389149451,4.309570567,0.460803851
147,7.777759489,3.48288127,9.461819183,10.08309283,8.637615035,0.57063495,-0.036854161,466.3054992,5.381205057,2.372691508,14.65489628,9.402480214,1.122664997,23.62701038,12.60710215,36.64267098,1.702298068,0.139630341,1.728920163,0.63035618
148,8.80355837,3.882735634,8.975911522,9.957949483,8.473251391,0.74744918,-0.012622914,569.4464942,5.268574587,2.260714168,15.50297899,9.833772798,1.0295815,20.8068454,13.6406185,38.41962507,1.676143658,0.264359462,1.03335313,0.82276736
149,9.533193956,4.251948814,10.32764094,10.61491563,11.72964645,0.957767928,0.054316154,648.5329104,6.29222666,2.554871255,17.09838476,12.74692104,1.148737426,22.00582161,16.67054666,37.71156045,1.715446827,0.362263701,2.119678465,0.892489202
150,8.148694873,3.824209757,9.383280163,9.413826958,5.836977607,0.622587207,0.085817211,544.0444429,4.606361766,2.318890376,15.15717663,8.223147333,0.825817988,19.37474726,9.157279142,37.49673755,1.694428759,0.109934711,0.405661484,0.871254848
151,7.225560122,3.231530641,8.508419272,7.650367791,2.472154359,0.394884102,0.047213265,500.113139,3.818550891,1.97278969,11.81519279,7.173935543,0.495081174,14.43661252,7.708119237,31.17416367,1.093687248,0.030861217,0.374713884,0.296951294
152,9.936736255,3.442102277,9.990347151,7.909205494,18.39403286,0.895769706,0.058439106,819.5794312,7.3709294,2.266683987,16.29032651,11.44061009,0.636260334,18.04873389,13.29992921,29.51610606,1.445942915,0.413858386,10.9745603,0.298604764
153,10.23113608,3.639686247,10.14390858,7.664557229,17.58302006,1.021378167,0.111882447,723.843995,6.954590427,2.343440397,15.68317337,12.54089073,0.71843443,18.78856274,11.48008357,33.13910877,1.406778093,0.431242022,3.674152451,0.292196143
154,9.843994081,3.642173223,12.17493713,7.019182531,16.86827509,1.230019581,0.148106714,607.536339,6.890091939,2.362870675,14.64426044,9.625099034,0.870768079,34.16999147,3.778125919,27.9591491,1.307985018,0.452358489,6.063431831,0.454628469
155,6.222799194,3.368450678,9.660604805,8.773202948,5.143723558,0.507038213,0.028938927,511.3732169,4.558798223,2.287928735,13.15678781,9.414543354,0.659387078,21.14053267,9.205967844,39.79585376,1.510571576,0.036985148,2.114155488,0.316494319
156,9.099760017,3.994806733,10.57674238,9.220218894,11.55237547,1.009834873,0.093445287,578.5114683,6.375157447,2.364058913,14.93908346,13.03656508,0.853441052,28.42371685,15.19850993,46.46271712,1.842985808,0.402059489,4.738869075,0.348765708
157,9.12209729,4.170690914,10.14180484,9.473041829,9.347017261,0.713941489,0.085313601,624.6285962,6.25384996,2.370364591,15.04818441,8.160952596,0.623194446,18.64718732,14.16222078,36.63629305,1.684741513,0.274199113,1.799364245,0.288930421
158,10.17521283,4.173260099,10.59907698,9.782131415,13.18526714,0.911743598,0.128151237,663.1307118,7.43019818,2.409593044,16.27280883,10.72162076,0.890360163,23.56728157,20.12954107,42.47114536,1.711215321,0.465833689,3.26260626,0.299706801
159,9.957121947,3.537783298,9.835964812,6.995765276,16.4612356,0.916069265,0.120950604,676.819228,7.698339784,2.132058596,14.40442044,8.25423473,0.661404895,18.77084365,8.461728972,31.55019906,1.299744514,0.378524619,3.335841128,0.29358917
160,10.44558568,3.750233742,11.41834334,9.451820124,16.41348899,0.640957322,0.164834403,613.6428659,7.314406976,2.47521266,17.52712069,12.89186193,1.009550263,17.09865871,10.93974698,35.80407932,1.576742872,0.463256646,5.843110158,0.480798573
161,11.12448253,4.659983832,11.83602313,11.60223529,22.05572831,0.918320264,0.136597554,701.8091536,7.692070468,2.732011948,20.93474439,17.37161436,1.406781911,24.11962257,20.76192025,45.67145048,1.758044442,0.590074686,11.15122278,0.518025715
162,10.51207909,3.036357374,10.07965849,8.262692798,18.18198911,1.189984627,0.030022075,648.6855521,7.058820109,2.306857978,18.14109645,14.79282703,0.957693684,22.72846482,11.83107932,33.91175885,1.479444666,0.39458982,7.458192052,0.296661745
163,9.513196105,3.902742068,13.38146651,8.454191397,23.95690111,2.100047889,0.462468535,596.6544678,6.8111958,2.348095281,27.19534373,6.63697413,1.702720379,25.6097492,13.10771553,29.36045839,1.53751395,0.364134412,21.27769669,0.398538064
164,10.21191971,4.54449782,11.83089614,11.16824911,25.96005642,1.132341158,0.046733803,806.9963786,7.398643151,2.822243589,24.42683657,9.221854142,1.77827378,29.64160113,18.54259169,42.05884987,1.726162743,0.534454606,13.13223445,0.388649892
165,8.785543489,3.776668244,16.48858363,8.299122489,22.20594434,1.852914043,0.242791769,477.8571232,6.726444038,2.267567989,31.18580727,4.633701574,1.493328209,27.57380973,12.68756839,33.68415114,1.509623159,0.213727425,16.52028617,0.562915891
166,9.899470412,4.44765351,15.40939552,8.482385009,24.41077472,2.071424675,0.56103065,516.7450491,7.182955819,2.378646659,25.51798844,15.70858627,1.342779851,36.76293755,10.1974163,30.93925913,1.443125709,0.488275189,23.33206767,0.523929636
167,10.48811723,4.112003746,15.0332958,8.906471019,22.23775006,1.552684989,0.344079224,615.2444441,7.3584925,2.566207339,20.78808709,18.26582047,1.270368167,27.87509114,15.06552475,31.39232528,1.257533701,0.541000327,16.71699623,0.337116482
168,11.1067181,3.446891765,11.35598781,8.226104525,12.71966105,0.823884926,0.159711721,617.4837105,7.379591616,2.4631051,18.68677503,12.0455385,1.23808891,18.99037247,18.09311399,31.01468679,1.085539773,0.482460491,5.339720207,0.650974232
169,10.61099262,4.010680763,10.37785834,10.4564688,15.62914358,0.782321655,0.03438554,608.9448727,5.824524918,2.40085766,18.958202,10.67081548,1.325038211,22.41018875,25.83012367,38.58609621,1.497375206,0.358731029,6.962978688,0.496343697
170,11.0629989,4.43221512,10.54414874,10.54012638,14.03856,0.852431614,0.010963203,608.3811743,6.304480875,2.506037718,18.838154,8.393697585,1.342241987,20.21060049,17.16979548,36.57832335,1.532818997,0.386690171,4.487907776,0.558632245
171,6.69139943,3.651226945,8.40809064,6.700251296,11.60757278,1.524001891,-0.000316309,387.0038266,6.164279092,2.165775001,12.72682236,11.7024922,0.989900885,41.37352618,4.660492136,38.45736582,1.822288266,0.155918261,1.166581578,0.607643344
172,10.44395993,4.278748623,13.60950457,8.923434816,20.0717388,1.097304344,0.1016896,793.1536294,7.712847195,2.476642203,21.337174,17.01930446,0.969920793,19.48627432,18.80814592,35.50579035,1.342481511,0.491067388,15.5196912,0.366412572
173,10.75991511,4.357679441,12.97323105,8.926391273,18.36974617,0.964109152,0.111246316,739.3575295,8.049098086,2.492637596,19.97617753,14.69052817,0.858762341,18.29958934,22.87738605,37.14045041,1.396981185,0.484684523,11.40268327,0.347081656
174,8.25466015,4.153007878,10.40765335,9.226231421,7.310867882,0.882030307,-0.087067898,510.659242,5.468956321,2.398304014,18.54035608,8.420252835,0.877965805,23.20904306,8.289196564,40.50070323,1.79639847,0.256618167,2.818517132,0.369791469
175,10.30991697,4.135680136,11.46515533,8.6008244,22.52646685,1.542379458,0.082262793,642.2144956,7.704585463,2.56420737,15.22952526,14.70897211,1.290637092,25.48406265,15.47831192,36.6978556,1.593880591,0.557756774,9.009681621,0.591949723
176,9.307522808,4.287798713,9.649266065,8.802545273,12.96588266,1.354345531,-0.028619128,476.7790598,6.315075711,2.421020413,16.56207656,10.32222841,1.100112284,28.83956782,10.40590331,43.193148,1.873397493,0.366568783,2.743097834,0.651278043
177,9.2590903,3.889308709,11.7577092,7.509723062,19.28832057,1.495089259,0.087467842,587.7994676,6.611532151,2.215594614,19.02826318,10.68284717,1.283287305,19.62325833,7.169690273,18.09716014,0.922576517,0.414162978,15.21743335,0.445031234
178,10.79331582,3.431241998,12.07091477,8.845234147,15.63830706,0.854127699,0.138912819,641.53838,7.354063492,2.528138611,22.15338081,13.43131061,1.55114161,21.44845961,14.17315162,35.47868642,1.325093366,0.424200907,6.277084935,0.61173861
179,10.61115487,4.113944504,12.61398842,10.39128715,20.42960018,1.133171902,0.063575844,711.2835358,6.604263975,2.712530277,30.77582966,7.943329394,1.793124638,27.3270456,20.27213077,33.50057197,1.519070897,0.518855848,13.60381058,0.564356252
180,8.267381944,3.83089864,8.872601268,6.414237501,12.32674003,0.35092844,0.082585877,765.6427813,6.570206144,2.1205859,14.940867,7.752644528,0.24180298,9.341398743,24.60465225,37.60278093,1.024032456,0.373557089,7.497166295,0.359807607
181,10.02700431,3.935765343,10.98665984,10.34159019,14.84243734,0.966640691,0.144156824,742.5263616,7.446613713,2.486614337,14.99236614,15.1483045,1.055127084,18.05779179,21.56188327,30.85891687,1.268464488,0.535492237,6.734926117,0.341243944
182,9.413669225,3.615008055,9.6566605,8.241531315,8.674820352,0.600436265,0.122668795,673.5641001,6.89929614,2.216446996,14.93807905,8.073617313,0.521959663,13.23394252,14.22317673,30.07802112,1.260069919,0.412340088,4.945955254,0.321329275
183,8.348415052,3.410538387,8.963866742,7.133636956,12.16879524,0.430651401,0.030102564,714.4745536,6.359562601,2.163649413,14.46145445,8.809705096,0.328063958,12.05536035,17.57636267,33.54719939,1.106065443,0.304359125,7.268473777,0.299372653
184,8.698334142,3.138255794,9.019031398,7.352829743,9.865318843,0.495301102,0.056813036,651.817878,5.962137229,2.112582723,13.67475189,8.514591158,0.392619246,14.85740909,15.06448611,34.06539853,1.245802451,0.272159651,3.360045387,0.294681835
185,9.130094613,3.518018245,9.254887109,7.384585114,8.007832861,0.656531514,0.101258988,680.2804376,5.889606365,2.107077223,14.45588141,7.606283789,0.394802243,15.32358865,14.67086908,35.28319902,1.299031252,0.340687246,1.521002344,0.291248495
186,10.25034986,3.257695918,10.06040527,7.590121597,13.73259005,0.752865164,0.07594125,727.9767537,7.10893023,2.173889642,16.08581945,9.36494265,0.540776205,18.69465857,16.49385783,38.71904116,1.479785825,0.415556515,3.971128671,0.291843784
187,9.988052036,3.173168341,12.65991453,8.444991223,7.244797473,0.490408864,0.106396073,506.2834016,6.62235722,2.078282523,17.00713819,19.31730701,0.787307534,14.28601866,16.98853854,24.98105193,0.850562504,0.308689649,4.541196334,0.339130812
188,10.07943651,3.528814787,11.25531271,8.277486698,4.885547075,0.600607867,0.066687817,630.538295,6.145285598,2.071198441,16.24114446,14.67255044,0.688271591,10.27241747,19.52902149,19.05007048,0.778996496,0.299418682,3.919968978,0.324235383
189,10.93631628,3.437653186,11.50308687,9.653517335,8.406982044,0.629584575,0.118253106,563.3064701,6.678563948,2.323204852,18.74023577,18.44442058,1.072887408,16.57423645,24.24781701,32.68395823,1.065167495,0.41633475,2.603639798,0.719187897
190,10.94689699,3.290320412,11.8236545,10.24548034,9.805163455,0.630130458,0.184491871,695.8131301,7.158336455,2.433622771,17.40476178,14.04859901,1.162266303,19.24485119,25.67318374,37.3441853,1.382501743,0.436665958,2.65737326,0.796404994
191,10.56793777,3.38641173,9.716097572,8.414474764,3.298676513,0.531441092,0.041207241,453.652627,4.515744478,2.077571559,17.75158366,11.57795083,0.851688855,17.4499697,15.5874967,34.19352309,1.1558645,0.302583135,0.963738669,0.764800418
192,8.91414057,3.714209401,9.246885585,7.849330136,6.511455159,0.579525501,0.099335462,604.0013948,5.611712791,2.089928772,12.96248254,7.547058145,0.423564647,12.93929533,14.78001006,29.16354102,1.139159596,0.287832723,1.869851351,0.299967903
193,8.248843119,2.220056644,11.7274042,6.605493764,13.43817251,0.270589811,0.046245127,616.6246919,6.414724845,2.014825273,13.32876894,4.051825567,0.63345052,14.10196591,11.83387927,32.08478588,1.345182523,0.129187099,8.109049195,0.512614368
194,9.735732277,4.105211962,10.05550755,8.869381504,13.24476451,0.681361366,0.059292652,673.4460957,6.914387308,2.373756099,17.35875884,10.70495036,0.701521675,15.78384452,18.88547937,35.91034154,1.47171314,0.489131179,4.370226647,0.714347398
195,9.734648042,4.16104393,9.472865011,8.990692326,8.585537823,0.734888439,0.114061036,578.7843975,5.230760723,2.280926928,15.33878477,10.52461703,0.631255738,11.73764691,18.55982341,26.72968243,1.12866737,0.372126547,1.850024429,0.295997715
196,10.27431152,4.056600953,9.738159162,9.271942337,11.89045598,0.775611002,0.126729983,624.3146922,6.927267461,2.295895346,15.9524548,8.236561219,0.808048712,12.5709373,20.20276105,26.54741847,1.123762804,0.458403867,2.856954421,0.328889312
197,9.550229216,3.350362016,9.612494764,8.748575718,12.91198559,1.014565668,0.014168076,634.25569,6.7555353,2.334659927,15.56388111,12.43553662,0.94339333,25.03917374,15.52987668,41.98949271,1.603735437,0.388827408,5.758247429,0.320543198
198,9.864641939,3.522209345,10.3770686,8.099638142,11.74472076,0.613436655,0.19792156,597.3698881,7.858878569,2.122692826,12.59929053,5.16267349,0.579495677,16.29650327,20.86176315,38.84375228,1.364821108,0.383983764,5.931229301,0.296908429
199,10.40040295,4.157778001,10.74180569,9.666862413,9.267269878,0.926505747,0.138100138,676.829952,7.278690412,2.391777667,14.91359399,10.86854269,0.654356789,20.09264433,21.00795657,40.30550147,1.690340924,0.485887182,3.332586285,0.292671546
200,7.059232546,3.0425155,8.053518698,7.432062126,0.659897063,0.549837376,-0.042464236,519.607709,2.848460603,2.080486071,12.62205646,2.742140209,0.4014928,21.04341317,4.043997802,42.67751046,1.618675277,0.182041171,0.005631931,0.294437668
201,7.071105702,2.826516357,8.045967276,6.96238741,1.810251026,0.606452398,-0.047233242,533.7984395,3.593901641,2.032194008,13.80062831,3.854715229,0.40779869,19.59947095,6.895278738,41.30262214,1.412104285,0.151026409,0.479011274,0.300564386
202,10.26151427,4.017995227,10.72988972,10.28756599,14.37968797,0.926235263,0.132845952,606.1600702,7.295405197,2.444401247,15.16648914,13.35114129,1.002237788,17.56347433,21.43191152,29.77461773,1.134768394,0.513448947,4.761440919,0.357970885
203,10.27286283,3.978628582,14.14392985,9.49960146,18.92743947,0.883025166,0.1361243,736.5818678,7.382599135,2.547776957,19.38731358,17.8562376,0.983409254,14.73629776,24.66539391,32.07770017,1.236120623,0.468087258,15.88258795,0.379400269
204,9.253389762,3.604826425,9.980098381,10.10584476,8.670307827,0.909801285,0.065267751,632.9773038,5.729475741,2.491272267,15.23071526,10.06300054,1.078149457,22.17878423,19.8158795,37.8473893,1.793055336,0.385675965,2.984216885,0.64266949
205,10.28753677,3.524972328,9.300741014,9.039401995,5.489436383,0.613023597,-0.051102722,542.658655,5.946664583,2.155100402,20.36945263,10.9425839,1.119175275,20.57267833,18.26156364,43.50581129,1.478650346,0.370957035,0.460698706,0.657724206
206,10.22533097,4.465209283,11.27095303,10.18996314,16.56199743,0.816143918,0.083571335,650.1196216,7.699933362,2.509490998,19.47103839,9.250464659,1.125476482,18.14072218,17.82687343,32.18699393,1.4036241,0.544124252,5.35311645,0.652179798
207,9.586640613,4.042255519,9.643201598,9.920557583,5.6324532,0.997626807,0.017338835,547.42791,4.549579307,2.488333194,17.45982702,7.436916795,0.860572874,26.00229156,14.94540452,42.90501115,1.879674279,0.385436616,1.446596659,0.591709273
208,9.129367187,3.748002699,9.681251629,9.143322431,10.9189871,0.642599578,-0.035644622,545.7908985,6.460499506,2.369874614,16.61704093,9.353138118,0.866019181,16.23783001,16.44655667,33.91705477,1.270609465,0.372953296,1.914514267,0.664395285
209,10.47619962,4.714942124,10.97615473,10.73399042,20.54023713,0.816357899,0.088272167,720.6316783,7.858722031,2.610175807,19.64254412,16.28624922,0.973455996,18.19507161,22.53571495,38.81548186,1.491249015,0.642814042,7.422186286,0.481310558
210,9.275071207,4.062123473,10.37359345,8.405876856,21.88322246,0.6167921,0.026129067,698.9591041,7.72412597,2.370454276,17.64386813,12.41575237,0.664571585,18.26693509,15.68478555,40.44831331,1.602310844,0.447275862,9.032868374,0.622583836
211,11.27960862,4.273722594,14.47736546,10.71787478,20.7148147,0.918344772,0.124282286,552.7773532,7.393812129,2.777581881,23.09883608,15.10660481,1.416860207,21.42305224,21.84154932,35.55953179,1.579687278,0.476323729,15.67289396,0.538096725
212,8.92389808,3.850543987,10.40735948,9.973623022,22.28727272,0.579986343,0.014199249,637.800873,7.96471533,2.5289776,17.82650247,13.3243094,0.90983572,16.82071672,18.22516324,38.36372823,1.498634204,0.42448301,11.32232297,0.457663649
213,10.79261226,4.457763556,12.4954731,10.99294044,23.84644768,0.792063808,0.127115259,642.406247,7.757133674,2.773860225,20.46895377,12.70649599,1.211634564,19.76318573,22.31315052,40.02587406,1.72055974,0.578347424,13.15420328,0.46050683
214,10.76102968,3.694207744,11.64453211,8.552867646,17.57245898,0.682968431,0.160736322,634.2562587,6.936745351,2.422332762,18.0134798,11.44278184,0.948108829,19.86043428,17.82068689,37.69626124,1.679542445,0.524250856,6.214602611,0.458281516
215,9.11148709,3.679315569,11.2875853,8.64360876,10.10134751,0.535136157,0.026349742,450.235091,6.29834724,2.180079208,18.40647975,10.9940173,0.867870816,13.20868145,12.72230101,20.40970522,0.891527566,0.334628387,4.916853276,0.368711924
216,10.20845418,3.451923522,11.74892111,7.675274432,10.47954843,0.647036182,0.146269275,569.7550421,6.541156271,2.188074232,18.59712918,10.25287696,0.922910211,16.68766987,13.78063685,24.95659751,1.223657857,0.395254379,3.001394819,0.462266676
217,10.39427063,3.490909661,13.31820909,8.350011132,16.8695156,0.685998444,0.154433718,578.1427091,6.737931263,2.473833267,19.35330393,12.81551587,1.080561453,18.47194781,18.12635989,29.23646893,1.356512852,0.411376813,7.076751252,0.596392477
218,8.547702361,3.388017397,8.90261264,7.580694444,3.094789213,0.509463765,-0.049987043,477.1505629,4.772797779,1.992726826,14.7625721,7.856687314,0.704712471,15.34692665,12.15933401,23.71094735,1.057097628,0.197680595,1.152667407,0.359274074
219,10.75758708,4.061326314,13.89251824,9.103579699,13.42376532,0.720923942,0.097680867,618.239357,7.024426543,2.331754228,23.64649491,21.08556359,1.24512965,21.14881457,19.1054455,35.8364505,1.412323568,0.414911524,8.805453485,0.495012568
220,11.1510031,3.386711364,14.00185002,8.198910549,14.42366964,0.731811904,0.122545656,481.121301,6.571671336,2.392806474,21.68170625,21.15337731,1.337433593,20.65010242,19.22994695,34.92017431,1.156199622,0.375305877,8.032038983,0.572729446
221,9.519803154,3.591595672,9.832314544,9.087719733,6.920197939,0.693012784,0.054846704,584.8266947,6.249656609,2.14517278,15.71812227,10.430874,0.891162705,16.01773058,15.04313955,26.57318561,1.183729117,0.355262033,1.261942438,0.483886902
222,10.46603556,3.355770473,11.60162206,9.18276546,10.93983138,0.647948256,0.048272607,602.6052769,6.766245986,2.258360971,22.45330711,15.67077591,1.262368065,19.86125465,19.30374991,39.51532883,1.395088064,0.375962655,2.59213561,0.528222088
223,10.3170398,3.389442363,8.538136515,8.68692276,3.684182709,0.53646335,-0.011174442,539.3971071,4.787532179,2.065210323,18.54411518,10.76099756,1.011889947,19.4380404,17.46420815,39.52039655,1.330088242,0.337232666,0.338207971,0.568459265
224,8.74817853,3.717147737,9.478091005,8.76221029,8.762361253,0.6238957,-0.043755342,466.0394901,6.351109217,2.25558216,15.63552236,9.099354722,0.921944745,17.32325884,13.86204941,28.71717322,1.292407131,0.295117084,1.391800049,0.650438659
225,7.995674231,3.1789188,9.03854764,7.752829187,3.504461732,0.45802147,-0.03090855,518.0705602,4.610721258,2.108241109,12.79853857,5.197340423,0.661257422,16.09666365,14.08116084,31.22713011,1.286233357,0.130007887,0.31705196,0.608927136
226,8.23879983,3.175206014,8.041929749,8.036437012,4.419404522,0.596718339,0.019785155,477.7339285,4.400760447,1.979471505,13.25473514,7.519866894,0.761794601,14.14817915,13.58304075,25.38647624,1.153592714,0.201369514,0.783589798,0.535449165
227,9.76758584,3.72511495,9.168111621,9.227471432,8.714984489,0.745209889,0.09961172,578.2990177,5.714811877,2.112660534,15.21459192,9.416154438,0.85579146,12.28222526,18.46131437,22.9491646,1.14946934,0.401415092,1.615531004,0.695044809
228,7.954749425,3.07172313,8.485555923,7.788446783,2.365427932,0.485071288,0.000302838,502.8229175,4.017607954,1.979578604,13.35728783,6.928173772,0.66692933,14.92255698,11.9357374,27.89458171,1.134956727,0.148480633,0.212584556,0.642513667
229,9.634293478,3.629407951,9.517239672,8.782121093,8.824388276,0.688082678,0.062461484,570.1796494,6.095069207,2.166418307,14.96346482,8.085146664,0.798662641,13.95659469,17.88050658,27.99428775,1.208447999,0.374043693,1.209184481,0.5863618
230,8.376939635,2.786918143,8.38467118,6.991988303,1.09187447,0.435244183,-0.033526903,440.7433697,3.437774765,1.837827865,12.80461543,6.492645092,0.546553072,14.51995314,10.10207682,24.35088789,1.023070988,0.09440854,0.399884063,0.333508763
231,10.16409127,3.784177691,10.79835954,9.260813033,11.04371454,0.824184333,0.135529736,583.4486631,6.513363272,2.225244653,16.14851508,13.39563107,0.960330679,12.61103023,16.92775801,20.14983399,1.030057806,0.420947802,4.244609659,0.38511579
232,9.688419547,2.585152685,13.61934141,7.810429788,8.599483152,0.454890283,0.170115286,550.1725754,6.927234177,2.106855747,14.18580702,13.09600441,0.705718027,12.17314323,14.85391087,20.85517083,0.808368386,0.267165744,3.477311259,0.323856762
233,9.634643597,2.778501863,9.811830506,7.906939686,1.741429923,0.40649972,0.002747275,528.2474312,5.125668578,1.888260833,15.74907302,11.54859845,0.702229561,13.82115566,14.17748917,28.48817707,0.97594081,0.194065264,0.350808652,0.358023898
234,9.945168959,2.794768446,10.96661686,8.115893221,5.506845009,0.420664655,0.042439695,592.9232152,5.998580646,2.03594606,17.43326963,15.96138954,0.952664856,16.02404459,15.68795841,30.03196072,1.042467621,0.262168723,1.006072324,0.356305718
235,11.59640249,4.113594091,9.399969595,7.83352469,1.113816663,0.67516281,0.016914194,436.6263254,3.514601554,2.000833918,20.4784384,6.811055812,0.806386122,20.35499834,11.98747302,35.85992112,1.354660347,0.376120094,0.182042103,0.506819684
236,10.87494557,4.074455293,15.72594124,10.03524506,19.90171118,0.929749316,0.086324034,558.6936057,7.029647701,2.694007423,25.22779628,15.29339626,1.579803798,24.6056492,22.15868194,33.35598727,1.359802264,0.446353693,15.08516619,0.559209808
237,10.09431352,3.04251136,13.83981771,7.379614795,15.93856046,0.832158833,0.098618331,548.7173184,6.243706556,2.252665964,22.60738847,4.396050871,1.171267204,20.75620656,14.9435958,25.76833617,1.09333785,0.306207344,14.12841181,0.714062647
238,10.74654085,3.518849513,15.05744949,9.048552942,20.59363122,1.009464703,0.086044476,574.0137787,7.063363542,2.67605567,25.54527624,13.74856247,1.57822902,26.77159223,24.05508559,37.25429905,1.535936842,0.45712997,12.29906729,0.582206227
239,11.10956198,3.383229458,13.05653847,8.373291393,14.61070834,0.882089503,0.115258249,681.1164626,6.976675546,2.463248222,22.74361369,16.03284047,1.411189999,23.93009861,22.66983822,43.96483553,1.500168785,0.429107061,6.785744817,0.550662851
240,9.605103788,3.737352797,11.88520294,9.919768365,22.02451017,0.984747611,0.046248756,687.6904083,7.130198144,2.661499045,25.86414148,11.20450255,1.620812782,25.89322672,20.18686732,34.46755421,1.46584662,0.525104047,12.27299775,0.399838626
241,10.82845177,3.619031315,10.98125878,9.319592404,14.55554908,0.935224758,0.101018019,692.0496811,6.903952727,2.514244691,23.32074672,13.33622898,1.511579652,25.00914203,22.41633616,43.3826343,1.626707161,0.543765896,4.682290067,0.519300885
242,10.63442547,3.573397686,10.67912308,9.746929459,13.08641345,0.770224976,0.068928703,619.5952772,7.072554988,2.345930631,22.08183876,10.7437376,1.434776512,21.31123283,21.27352782,41.33583131,1.461795207,0.492711808,1.796562201,0.611479929
243,10.37173871,3.529742366,10.7662586,8.970399128,18.20833887,0.890722604,0.119498268,657.7695122,6.715233509,2.499086972,20.94819423,13.38930912,1.352453061,21.13467201,20.33328923,34.99535554,1.311480551,0.522837621,6.985015646,0.431276965
244,10.38728836,4.065185113,11.12934656,10.62736557,21.57831485,0.93613785,0.068938637,698.308145,7.029353813,2.649796597,20.91809848,14.34045767,1.484204411,22.44625205,21.43524496,37.43821386,1.606004198,0.555283921,8.712521116,0.383384497
245,10.43214391,3.543804517,11.46921083,9.87222087,17.71697987,0.865961885,0.186881422,647.6687225,7.204658666,2.42968515,19.2796351,12.32938939,1.193634515,25.53569338,21.66822816,45.98434945,1.699576901,0.497475051,6.080225155,0.53656086
246,11.07618041,3.693222508,9.025343042,9.090331992,4.552218899,0.587332475,0.02713586,544.3482541,4.46511797,2.19465843,18.89877406,8.576534661,1.024736477,19.41333302,18.59713705,39.54789437,1.351268793,0.406011241,0.849254103,0.605763677
247,10.70821937,3.209489246,10.60950576,10.04261677,13.45838179,0.661362589,0.178076014,649.2610654,7.068472032,2.421329998,18.32355394,13.51670607,1.367803912,17.97396854,20.76252779,33.08508205,1.226147164,0.47484103,2.744485487,0.510180062
248,10.26983762,3.861832415,9.626171305,9.369135351,10.94119991,0.784898939,-0.004652425,556.5369566,6.048591952,2.38913997,21.18021753,10.05203145,1.290961135,24.2983567,16.99351267,40.07423953,1.587040377,0.435246926,4.155542379,0.399600086
249,10.46033458,3.560779662,8.430674293,8.781821603,3.099469858,0.611430742,-0.040908999,553.2350101,4.998723061,2.129401162,18.46500427,8.288573723,1.03837094,20.3695464,16.04415669,40.19090778,1.506973391,0.352532043,0.472270039,0.504360816
250,10.7450545,3.919053751,9.40963512,10.27564049,7.220333929,0.740350383,0.062656297,580.8335508,5.191003082,2.335863834,18.18083541,12.13588477,1.229065387,21.77297927,20.53871185,38.86318514,1.487244311,0.408880514,2.834940388,0.452962876
251,10.0647178,3.84449519,8.915951694,9.156822508,9.33885648,0.680290772,-0.011599826,551.0081959,4.472334311,2.263341701,17.88226666,8.080407486,1.064999559,23.38483247,17.35339062,39.03458069,1.523512634,0.29144819,5.267488469,0.388453916
252,11.28610246,3.486728627,10.41933356,9.995788124,10.64231011,0.648525642,0.147018409,627.4596863,6.046440063,2.348094949,17.80501237,9.997824632,1.219468452,16.88376054,22.35040352,33.1073353,1.225017972,0.480641338,2.715080559,0.699476111
253,11.30893651,4.153574518,10.69777012,10.09289796,9.125534305,0.837072917,0.142091068,616.0629931,5.510690171,2.461530923,20.28406144,9.101370191,1.23360836,23.66372104,22.44924678,40.54283422,1.559615451,0.547744701,3.00928758,0.688964477
254,11.07652086,4.042373661,10.12894177,9.171185896,9.623098525,0.822402716,0.114244709,471.5098369,5.43878361,2.316191971,18.60071035,5.373599304,1.062462458,22.79974314,17.73876252,41.18201006,1.481279422,0.517875925,3.317538711,0.660217691
255,10.37079294,3.789693614,9.850732005,9.220985813,11.55019002,0.827731897,0.088520528,571.6122431,5.901664367,2.282354138,18.33419176,3.650529559,1.034599156,23.29888919,13.96873504,40.90281258,1.550155244,0.469626608,3.602469087,0.557455535
256,10.58477108,3.806832691,9.711200055,9.07588166,9.197570054,0.748221948,0.12659115,576.2143382,4.955070035,2.259249304,16.97526912,3.657292142,0.998880946,23.48331015,11.20898345,42.1888917,1.569422939,0.294941204,1.755062629,0.50781179
257,10.83847394,3.896989446,11.764594,10.66836576,11.93544602,0.819156613,0.146026409,720.6734532,6.737167372,2.537394913,19.51642629,11.49033429,1.324478249,25.17649673,26.7130998,41.74670336,1.643740161,0.534057372,3.87040326,0.649207706
258,10.73915166,3.195605755,11.46180697,9.860372531,14.46408295,0.58318864,0.173091034,553.2862734,7.036979388,2.398894117,15.0273631,9.970701029,1.2596185,19.38617392,22.18254951,36.26220985,1.269566898,0.417316233,5.080185491,0.725464741
259,10.25415316,1.758739122,11.66105247,8.594502385,12.41207295,0.424072698,0.206712228,613.0388473,7.77016591,2.260709822,11.5726069,6.91469754,1.070392035,18.87930441,16.67872154,36.40782511,1.388170129,0.275204673,2.445015742,0.698517946
260,11.25388328,3.710736118,10.41966109,9.787775325,10.1040501,0.647666584,0.167925683,635.9477632,5.604044633,2.327515502,16.81964266,6.524293562,1.140072387,20.9367979,22.68941019,39.72170025,1.445625703,0.467177077,3.400526982,0.680101061
261,10.9865046,3.560942233,11.18087671,10.27760423,12.65606843,0.734920814,0.171382609,707.1616451,6.553374607,2.455458142,16.95189542,7.566817468,1.23477437,19.86939325,22.97143668,36.40830302,1.330463879,0.485487319,3.985758209,0.727113085
262,11.62476854,4.151159422,9.463421532,9.626078775,7.595040099,0.730891519,0.104803409,531.4303837,4.746926615,2.26984171,18.49536327,7.234108571,1.099444632,17.99494925,19.17401328,33.95667516,1.334391329,0.481484148,2.290090843,0.628174846
263,11.57810622,4.278501579,9.475490487,10.69901264,6.89428829,0.80067197,0.091582247,584.2041009,4.661590032,2.433722074,19.46750509,9.78375465,1.199379407,21.92589127,20.26315235,39.21673184,1.521837442,0.473349103,2.629712334,0.849579118
264,11.33384808,4.273775413,9.700483317,10.5511319,9.19367666,0.857126393,0.070665925,618.1914362,4.69545761,2.404500935,18.25535924,6.871696517,1.163527024,21.67897907,21.71748429,40.27317063,1.600235553,0.446074172,3.725296342,0.565480527
265,10.67223144,3.621305483,10.5009594,10.72116082,11.49136415,0.754121066,0.11194353,643.1552967,6.066830899,2.377137375,17.29309646,10.02460482,1.334550745,22.60108912,22.10748444,40.69649025,1.605201694,0.456650649,4.371659777,0.820253387
266,10.84060884,3.960782387,8.976924326,10.01861163,7.816320667,0.800037978,0.028604842,580.675677,4.66622794,2.317674717,18.04912657,10.18077492,1.134704983,22.83391978,20.97794677,39.12487258,1.578074379,0.431690834,4.412991523,0.424342079
267,9.287648901,3.916218875,10.05494356,9.871550097,16.31805071,0.77067175,-0.088945072,550.7670557,5.618189044,2.429912032,18.30053084,6.000288341,1.291925607,23.30816998,14.44282989,36.566469,1.580658758,0.259553358,5.111383178,0.387056364
268,10.68376358,3.983643634,10.73565315,10.63616822,16.39514793,0.869770065,0.130214476,711.5054529,5.806031473,2.403721225,17.45898488,10.81745622,1.325131106,24.91988879,23.16297904,41.51606235,1.649875087,0.409255446,6.452012564,0.464980741
269,9.629046123,3.638900851,9.356626039,8.642235288,11.94359924,0.639604276,-0.031121256,568.5838831,4.018654343,2.212075425,15.45343367,4.757770588,1.031665346,24.31874382,12.19623629,39.26674049,1.579904297,0.169022416,3.313252852,0.413948217
270,9.843379862,3.331657019,10.50101125,9.144514106,13.63220072,0.787577228,0.139884128,599.4815783,6.069100623,2.28559852,16.14014497,5.654089387,1.171185209,25.75391975,11.8617981,43.52802069,1.661230049,0.320611746,2.195994439,0.776985399
271,9.559672438,3.209365909,10.93113307,8.92241179,16.03919819,0.86028124,0.189674279,577.6209349,6.921250859,2.317675549,16.59078585,7.501234713,1.245417483,25.20286003,13.57589744,41.18893406,1.468958501,0.373881264,5.041227792,0.594523074
272,9.375570176,3.765092222,10.57589323,9.164917185,17.80571458,0.84981527,-0.066542197,590.643422,6.17057406,2.359473389,18.30600717,1.451598219,1.270500009,27.4250107,9.33257358,40.33347744,1.572020835,0.223857975,1.89508092,0.434672909
273,9.096694075,3.401742625,9.99238898,9.079018753,13.77559625,1.089104902,0.049450817,497.3298941,5.943967469,2.283552798,19.68946092,5.404410243,1.190277755,24.62804871,8.936332579,39.88395374,1.478349963,0.367766643,7.922213822,0.523976539
274,10.07991692,3.453585696,10.54457083,9.100879179,13.0244283,0.651281244,0.181413701,576.1543484,7.537386552,2.189948421,13.73143661,9.006340332,0.92423795,13.96052533,16.76682949,28.34184074,1.250682687,0.385881591,2.203501242,0.683441932
275,10.60900859,2.76161015,11.54335433,9.214865766,13.03347511,0.540796863,0.208851526,634.7933031,7.071190046,2.274410754,17.26503396,13.71569484,1.186283428,16.07901749,18.16820733,31.37381269,1.195616042,0.375445894,2.404485922,0.670856147
276,10.19460323,3.257441415,9.044715946,9.030117561,5.775377471,0.51762851,0.035936592,538.5168324,5.697586534,2.169488483,17.36562118,7.098350478,1.044800706,16.94130634,17.91020679,36.41478814,1.243343587,0.358268602,0.75387245,0.563443154
277,10.78434228,3.771583974,8.520493626,9.556772656,5.371985936,0.626781597,0.036940768,565.5301951,5.179754222,2.182938096,18.95450201,8.781415097,1.130561709,18.0922767,18.2278287,37.81302795,1.355600835,0.414808279,0.992707351,0.508816447
278,10.39776025,4.071799983,11.90625354,9.36500203,9.710324922,0.911977162,0.077632588,613.1515003,5.634678079,2.488163757,20.42818509,10.38788997,1.092242839,26.63177105,18.01443054,40.60727998,1.696303068,0.487701593,5.418445995,0.375264987
279,10.18132063,4.070035096,12.04526207,9.966647639,10.53947466,1.004393651,0.094483151,621.8132653,6.39237878,2.587731027,18.43308468,12.110569,1.136303935,25.15174801,20.06500091,37.13485134,1.692902747,0.489815869,6.480531873,0.342036203
280,9.493213002,3.314768264,12.73262419,8.624883037,16.04377627,0.854218498,0.178389398,720.536027,7.128873965,2.473691,14.94086904,15.57133732,1.04785037,24.47214039,17.37166997,37.18622461,1.556623099,0.445829695,8.839605856,0.349547143
281,9.964885946,2.687024398,13.31669293,7.142994626,12.5682043,0.766634394,0.182904702,575.9246971,7.212224113,2.402683736,13.35684786,14.9839192,0.904986766,20.49558713,9.043885564,29.14923383,1.294512762,0.339544399,8.279586583,0.341371464
282,10.44578546,3.072119453,14.03687019,7.429029331,16.55818142,1.234374931,0.546868463,607.7558869,7.207286686,2.204012018,17.73726628,12.18704181,0.935208633,24.99625832,12.80192909,31.99131932,1.392197417,0.397665097,14.15968827,0.38869787
283,9.807727308,2.106304569,11.36500241,6.671300297,13.12143781,0.485485197,0.193623258,562.8623822,7.536434978,2.154015691,12.12348089,11.02252397,0.783599307,18.51292414,11.88138857,31.73199981,1.27122421,0.241620431,4.767292557,0.348869339
284,9.683631445,3.845237473,12.02880111,10.28054252,16.00141533,0.970156193,0.14161963,700.1120925,7.467499326,2.601954742,17.02332704,16.09944203,1.263291835,25.62056785,22.77128318,39.75964064,1.748156329,0.492771225,7.643622529,0.415933748
285,9.774943356,4.663429213,14.68709375,10.17047229,20.46843394,2.16648442,0.930654836,672.456255,6.815616927,2.599018868,25.60733371,15.16180411,1.521976352,42.5063488,17.29349271,37.48034442,2.023422834,0.64002601,20.04408043,0.415568862
286,8.48692345,3.987164001,12.17841354,9.31324573,13.21752366,1.407088566,-0.048302907,599.1666334,6.679459971,2.381072767,20.47047728,11.42199478,1.299183794,27.04189001,14.08688164,35.94349119,1.516039752,0.493775627,8.967099386,0.400358471
287,10.43341529,4.011874459,12.33661746,9.695459878,16.70672485,1.225264615,0.216255827,689.9114082,7.542048361,2.645964201,21.82571639,14.86050968,1.468179764,26.78663753,22.52356226,39.83020386,1.556607428,0.588013011,6.621290697,0.56233924
288,10.42733766,4.485863006,13.90425909,10.9481341,23.29015758,2.103414868,0.738877615,672.4411499,7.490370756,2.837353329,24.78834118,17.93570539,1.71332697,35.03260014,23.50322473,37.81265481,1.788235098,0.692470579,15.00674975,0.560794846
289,8.892205855,3.466796179,15.47154895,7.326902277,18.25205667,2.267942405,0.477329276,463.1868632,6.169255261,2.004762548,22.6814643,10.16228619,1.461393249,25.35056857,8.965443708,17.86757203,1.1859308,0.340875908,22.6051153,0.739429264
290,10.51480984,3.008286116,11.73208101,8.93728532,17.40112194,1.236254231,0.273405316,704.4323756,7.761949258,2.499492029,16.5330378,16.24656715,1.446755021,21.83095364,13.16536649,30.58666834,1.284346561,0.469079406,10.62789776,0.634790908
291,9.622293588,3.946650085,12.04458415,9.563964823,18.77688153,1.894559038,0.248762972,581.5394221,6.628463186,2.426257214,24.99792387,10.10667482,1.538051995,35.27201636,17.85898498,31.4336739,1.663203683,0.512680381,15.79056223,0.553498193
292,10.07386906,4.208129373,13.10494253,10.39999031,15.84283005,1.15062015,0.074356218,621.4696341,7.029489115,2.671143712,21.65569214,13.75451576,1.39888447,26.9130245,23.81678327,39.95694189,1.7296028,0.586777462,8.420217965,0.429149565
293,10.37512626,3.246383648,14.60618922,8.275079968,16.29988625,1.723900152,0.649718102,656.5738904,7.92396475,2.529299109,17.04712921,13.58603393,1.342433538,24.80651046,11.64966756,30.09765032,1.318333827,0.57435755,7.903401138,0.454907643
294,9.782170034,3.230945116,12.6591952,8.238810218,13.40995965,0.984069196,0.198468906,667.6639099,7.037356689,2.517462257,15.28036756,19.91374436,1.170004997,23.1929146,12.46987903,31.07832395,1.264988186,0.461323388,8.301903998,0.388184727
295,10.59209785,3.983858466,11.14036319,10.51173651,10.23615409,1.037038606,0.097241736,689.7998594,6.441651309,2.457332332,16.77818889,12.63709111,1.25665913,19.87433151,19.80568267,31.60416981,1.437232099,0.450727048,3.800610456,0.568809368
296,9.98397913,3.60388349,10.87113742,9.527630357,14.78826462,0.830588131,0.150454554,598.6163407,7.251325851,2.339988299,15.63668637,10.72668934,1.133835477,16.03316205,17.32895917,27.92898361,1.288397068,0.437687511,3.139394906,0.648671638
297,7.186773755,2.582003993,10.75287797,5.650523951,10.0669389,0.783999304,-0.018886196,240.3094152,5.574875354,1.966070908,13.18105223,10.23708216,0.84335789,41.58141221,3.442472904,18.93410897,1.590217066,0.074276651,15.32479596,0.523495919
298,8.192754525,1.375511173,9.617765527,5.673555911,9.772396753,0.452758781,-0.103547845,296.8463626,5.415925504,1.715500566,13.36067904,4.70969179,0.601124422,20.84553739,0.800809807,13.12563376,0.885933618,-0.050800675,7.718805435,0.492333125
299,9.19981389,2.680512206,13.97094561,5.951789051,11.05402936,0.897304,0.039318763,563.7358789,7.230708007,2.095173456,13.54325736,7.895183873,0.747384174,48.63501617,3.414819027,15.54085051,1.859977703,0.193635494,9.13798053,0.548616083
300,9.192824252,3.615555282,9.931773652,6.163635119,14.53964244,0.57983839,0.045817657,717.1882955,6.780091767,1.981132137,15.3969523,6.161281379,0.464167976,16.38186555,9.099188821,30.29736173,1.29590762,0.396804654,2.153906859,0.355278365
301,7.84451034,3.716138781,10.52785576,6.66203391,15.04879319,1.619695454,0.036257735,426.1388342,6.477202679,2.219356107,15.13923704,11.85770414,1.145564107,45.39667902,5.617552575,34.697942,1.908715398,0.330107428,12.05869884,0.609167826
302,8.261337619,3.629280827,10.47867902,7.289265795,9.27770509,1.488775079,-0.056668081,484.7729394,5.755632421,2.209517034,16.3114813,4.48661798,1.067740836,35.38849373,7.29347788,37.24480522,1.916327312,0.398274419,4.295494725,0.497618891
303,9.582912927,3.688160011,12.75704993,10.28989458,14.59465004,0.907963861,0.108451475,769.1471729,8.015109655,2.552132428,17.82582077,14.87833055,1.084785323,21.28896502,24.56489846,38.56150063,1.685475836,0.498346806,10.48219667,0.350309709
304,9.773668658,4.247164937,10.76112318,8.636610847,7.340485312,1.383929428,0.02062819,560.7898918,5.158099435,2.328781279,17.49841263,8.253618159,0.899175504,28.08234049,11.7043866,42.94912776,1.950366804,0.504158855,2.653102795,0.450279027
305,9.584334136,3.295777706,10.66693881,7.796742558,20.62247249,1.178611988,0.007862336,621.4454697,6.599577591,2.46328916,16.4802967,12.11691778,0.935638267,28.05302974,4.948618601,25.2760134,1.168858376,0.297010491,11.32433011,0.429771824
306,9.52320803,3.951568071,10.31674485,7.582483671,20.32729394,1.456236975,0.015283279,651.7015113,6.910822511,2.482609158,16.50579994,13.18070504,1.016856015,30.83971742,9.295955473,36.48423443,1.558871902,0.421017557,7.88251725,0.452380586
307,9.151647466,4.074442655,11.93092725,9.496896112,16.98792948,1.648349919,0.073279961,664.8287542,7.257776092,2.549614541,16.45629604,15.40386797,1.377507442,25.07709457,15.76021738,32.18584661,1.454592231,0.575164278,9.633551787,0.507769453
308,9.647360883,3.537157212,11.8693269,9.503460176,14.37547352,1.248131613,0.138891788,584.8245677,7.376800611,2.323272674,14.66197562,13.71470655,1.130503376,21.95035563,16.82121094,32.93705027,1.529510326,0.51065416,6.663895255,0.538314028
309,9.650744496,3.797462509,11.46249327,10.29336744,16.59773824,1.368378542,0.144186332,696.1833231,7.640428247,2.567183641,15.98952448,13.42660175,1.300935757,25.49988571,23.37775709,39.77114743,1.670105124,0.548396294,6.92423648,0.56999956
310,7.968473514,3.561633152,10.02569519,6.963596856,12.90517738,1.568584405,0.087342444,449.8086799,6.214018266,2.168547362,15.19286625,11.37025911,1.08181376,42.27847438,4.828642706,35.78054005,1.93788484,0.319593697,5.832336417,0.525528976
311,9.397557783,4.115312429,9.416679019,7.606230527,11.27674702,1.603433703,0.063671613,563.422347,5.501216756,2.301413975,16.11686052,7.392483384,0.996171433,34.49737301,10.03712176,46.47855527,2.194928436,0.536085218,2.290300838,0.535842616
312,9.861630942,4.166918892,8.997779678,8.889062822,6.693257836,1.47739363,0.084157969,558.8351143,5.094052463,2.363187253,16.43610491,7.691969147,0.899669985,31.65197608,13.46891217,48.52047534,2.121741894,0.543985237,1.499295771,0.657745333
313,9.109091525,3.924045887,9.366191571,8.191266827,12.16349566,1.555514593,-0.012071627,548.5990768,5.823745645,2.303690759,14.82459235,7.831149402,1.065928768,31.36973218,12.29978133,43.77836302,1.923359705,0.421347632,2.26548803,0.572792003
314,8.338971435,3.868408313,9.690514891,7.369166726,13.68449444,1.563280637,0.001245199,535.7942755,6.790739482,2.230205505,14.19916264,12.54504271,1.10754347,36.42119565,9.142527066,42.16277045,1.85731779,0.410009551,4.557989403,0.5801725
315,9.092994615,3.815550872,10.00272154,8.638949686,15.44141796,1.341323307,0.0314953,680.5226308,6.889395105,2.345958138,14.30493188,12.62260448,1.17415541,30.16088539,13.03391551,42.47967317,1.960984121,0.433841195,3.437975329,0.676605859
316,9.282971552,4.142694602,9.69351416,9.794007516,7.140355977,1.198246449,0.058120167,629.6314049,5.094911661,2.541439991,16.46319513,8.434526793,0.898010172,28.63289365,15.20511893,45.69436465,1.937009799,0.464571609,2.029880204,0.846543268
317,9.613881094,3.685732273,10.41653937,8.904822429,14.15909023,1.022248467,0.117220784,758.3557819,7.023620568,2.385969918,13.85397252,12.58822698,0.967808227,24.47874691,16.59797937,40.16717277,1.765878892,0.500106746,6.057985852,0.371348037
318,9.788482384,3.814017672,11.01154977,10.09779372,12.38808343,1.119898454,0.108004613,539.5434076,6.750083578,2.405088434,15.86080552,8.927425869,1.065929262,23.38687303,17.49527731,37.66682642,1.608139587,0.500220557,5.552397108,0.591719687
319,9.708795588,4.177919804,10.5062452,10.9406495,10.93392341,1.080551293,0.08203968,692.6974392,6.022536999,2.646999613,16.09957965,10.65397327,1.10478535,22.76864321,19.31851089,38.9692703,1.625954173,0.488814973,4.324882214,0.687614478
320,9.214109447,3.749196874,9.822649996,10.2023274,8.798006049,0.843575908,0.078309161,623.3325091,5.401009331,2.486011672,15.26742333,8.635395056,0.942276791,23.08483673,17.46555687,39.38351551,1.891158933,0.382727371,1.844457268,0.509800363
321,9.630900303,3.8083335,9.690286545,7.854357546,8.630871482,0.644262829,0.084211747,614.3709701,6.38334632,2.193535881,16.15241549,8.717036562,0.586387579,14.87903963,15.44667973,31.89636022,1.364548942,0.422919187,2.293435697,0.379640294
322,8.545321214,3.669072993,9.077291714,9.180549916,4.40694779,0.684844426,0.051504995,565.9355507,4.545710962,2.407956233,15.18053403,6.509758167,0.666496718,20.97436456,12.30965635,37.48331172,1.692592026,0.272521794,0.174564099,0.532811848
323,10.14405038,3.761521708,10.1854631,9.900327506,12.35124508,0.862764224,0.121778907,575.0839045,6.591166484,2.32182776,15.13443358,10.77064171,1.08204172,17.12435156,18.93552744,32.03496218,1.267112386,0.441329378,2.100445134,0.827987606
324,11.03246751,4.292694834,10.35055842,9.974768596,13.19839615,0.916419994,0.126881902,595.4021706,7.307288995,2.310959148,17.01896005,11.72924868,0.999413938,16.57071812,20.66469949,35.53785674,1.520443493,0.535316471,2.476946896,0.878379829
325,10.6445515,4.014733674,10.61707867,9.416255158,11.33158697,0.84662475,0.155223305,656.8175541,7.287477793,2.323180218,15.59435932,9.717464588,0.841767885,17.53600813,20.74895979,35.04319359,1.357420118,0.481484753,2.687797772,0.474485376
326,10.66457327,4.466033929,10.64194173,10.43080487,7.54588193,1.094271811,0.03665581,579.9286322,4.88219282,2.593962776,19.0327017,9.467275845,1.137520886,25.12810088,21.91697277,40.39942863,1.855286604,0.441976526,2.938257304,0.50781638
327,8.62658968,3.250184095,9.408538898,9.482896287,5.134690472,0.716396671,-0.015103653,566.825494,4.307261141,2.335366247,13.63060188,7.770801053,0.996976872,23.02821906,16.02626907,39.07327787,1.707680359,0.198400566,1.381811452,0.679858293
328,8.545671222,3.307915062,8.973415728,9.1748117,5.298992261,0.733903369,0.008152655,599.6818031,4.565184489,2.252542197,13.37858471,9.082420347,0.88660121,20.08279386,15.96010384,37.78796398,1.602432954,0.248654151,0.805371872,0.866334716
329,9.590191624,3.58636374,10.107626,10.172868,11.71182558,0.908979513,0.101911563,585.1291053,6.226836982,2.472627613,14.86888525,10.1665449,1.107545206,21.36060143,17.87700945,35.83299771,1.615785824,0.438900216,2.827100169,0.870587456
330,7.652261819,3.077467696,8.82132096,8.965289359,3.365997814,0.569705007,0.061006683,582.3537356,4.137861549,2.334795205,12.72353806,6.818871045,0.721324806,22.71291883,12.11131607,42.34587713,1.772009852,0.157416667,0.141544891,0.87477015
331,7.387391139,3.006318945,8.433792668,7.488554147,1.193811052,0.427282363,0.042459712,522.0369898,3.771817731,2.03387626,11.90564326,4.844679905,0.478718559,14.73751228,6.011613024,31.78201754,1.135910321,0.09845548,0.070830539,0.302363018
332,9.727228245,3.195153411,10.18112728,7.665398354,18.7190546,0.750728706,0.052640258,828.5432035,7.468714982,2.258063168,14.48598155,11.98257684,0.646221908,16.28372519,14.17610893,28.49316633,1.19356539,0.380958584,7.55915975,0.302659211
333,10.46336492,3.524658322,10.23809766,7.641100607,16.11134442,0.95499136,0.08075644,779.3952766,6.671278829,2.310671811,17.02048534,9.740308327,0.74181819,24.20474265,13.76243797,40.38548071,1.652787113,0.432408234,3.987712917,0.295638675
334,9.478404155,3.54501851,10.00352535,6.075739768,13.68664547,1.218058705,0.110335115,648.9328754,6.561310239,2.04145001,13.63775477,8.042931926,0.786583296,39.72706667,5.363961312,34.2722011,1.455436539,0.438542835,2.639697918,0.51442665
335,7.812308124,3.285070223,8.994121681,8.608647357,1.828355674,0.672399492,0.001603849,591.9875694,3.449519031,2.265790664,13.70975392,4.785879168,0.562240935,23.3779466,7.90375076,44.76269469,1.714011857,0.256736461,-0.014961626,0.306766852
336,9.878533469,3.902646198,10.67722094,9.815621399,13.48778358,0.944264307,0.141894528,714.400848,7.4311301,2.419835779,14.64055417,14.19157765,0.952852732,22.22445837,22.14807031,38.38133509,1.575549242,0.537549617,7.492609009,0.385187833
337,9.113414857,4.024729463,9.399620215,9.091482586,5.176795727,0.789793083,0.055050005,688.8024106,5.155025013,2.377093705,15.52711154,7.487167622,0.540202068,20.90442405,14.10258106,42.58331691,1.802920639,0.365707187,0.321333705,0.294141223
338,10.57206404,3.99272799,10.59588052,10.32012081,12.13784776,0.914855239,0.151504718,594.570756,7.57005854,2.409722137,15.37146473,10.03866913,0.926487544,17.65740115,22.71181605,32.39924129,1.48147812,0.506654088,4.406938422,0.309529591
339,9.935700818,3.784172942,9.693120695,6.343940075,13.53230781,0.921603724,0.109907687,745.5576824,7.392559618,2.001307747,14.69095309,6.328772775,0.605139968,21.33100075,10.25956346,35.40859344,1.394874237,0.443205739,1.673128417,0.300809829
340,10.76544571,4.284478973,11.3641931,9.364571086,16.78492447,0.756868547,0.137067029,705.8254645,7.58286634,2.500802114,19.87640488,14.06052847,1.005020785,18.50415792,19.54990271,36.83702128,1.652476153,0.579094814,6.060639782,0.465666087
341,10.92707439,4.912418041,11.98153965,11.3230708,21.32135423,0.984316606,0.103663079,674.9694157,7.793461681,2.772425933,21.83044091,13.38481887,1.390634429,23.23236546,22.33973299,41.56173932,1.749105762,0.601881393,11.42911916,0.480157208
342,10.3344873,2.73515773,10.36100345,8.231655904,17.42526087,0.956152457,0.007481475,599.3534757,7.165001956,2.286604405,16.72094206,11.75333915,0.987675999,22.30262627,11.96195482,33.95588984,1.242642691,0.348497911,7.450383027,0.300802847
343,9.068680642,3.82774268,12.86822603,8.456451218,23.40053696,1.578700154,0.366291202,635.9116874,6.958704005,2.401365435,28.4837701,4.655817409,1.664426682,29.30047027,13.01433739,35.03472156,1.577865368,0.363899568,18.01274567,0.398564052
344,9.748083566,3.455133266,10.77940627,8.924395551,20.29781551,0.942462032,0.07910635,779.0567352,6.785215941,2.461156656,22.64819903,10.34896945,1.470015977,23.29003506,16.82373604,33.69991369,1.373540155,0.47248921,8.515857001,0.387565242
345,8.89136121,3.797482097,15.34527488,8.252907833,21.64815164,1.778512571,0.286096558,483.0970009,6.852708845,2.343807445,27.85278426,6.791743505,1.50269846,29.43018705,13.0157115,34.37853288,1.544006075,0.240269393,16.74676065,0.543397244
346,9.969190718,4.371357525,15.87079556,9.072068391,22.87340109,2.422195828,1.173988173,675.7349758,6.936605891,2.433344894,23.85051145,15.31307676,1.333592459,39.95825653,13.55241094,36.73367994,1.984046573,0.599843987,22.05776763,0.545078154
347,10.41540854,3.261083929,14.75117657,8.194469309,18.50624383,1.252847131,0.374206684,625.4072695,7.636494878,2.495887905,16.00224957,18.75425605,1.12385009,21.7298547,10.66284374,27.68829251,1.014058715,0.430950913,15.55689292,0.338909147
348,10.76881809,2.84478556,11.35198597,8.448032589,12.68173227,0.815083602,0.177610741,669.3474196,7.378486315,2.456354018,15.1361102,13.46422868,1.241075465,20.70781574,14.80287574,35.94773957,1.316131109,0.440010137,4.868940129,0.757926561
349,10.48553562,3.739759226,9.588149165,9.742599546,11.4228187,0.756087698,0.068126014,621.7010242,4.476342419,2.272053275,16.27885002,11.30712967,1.156607692,22.08233993,20.64440904,37.43052697,1.471225478,0.360784835,5.727757234,0.442107028
350,11.13619781,4.073152309,10.53691288,10.42971629,12.15165125,0.882030071,0.168064717,672.8396011,5.761425065,2.440179367,18.37833771,6.561610738,1.242648784,20.76499993,21.74036896,37.72794391,1.506795186,0.532520672,3.513600115,0.550467726
351,6.933245114,3.499516161,9.210320435,7.020049536,10.6596709,1.431818623,0.051508218,412.9816831,6.217771902,2.207857369,15.36542403,11.14631767,1.042207964,42.44184892,5.921295525,41.07297131,2.02527798,0.209048517,1.700332755,0.518811626
352,9.586723619,3.828767793,14.62538239,9.235844146,17.27980591,1.069665329,0.200462681,739.4585595,7.545900696,2.430021949,20.04278382,16.35141653,1.012694187,18.10142781,18.65218706,32.36043478,1.234805849,0.484496044,15.8418673,0.363885113
353,9.891585829,2.64577065,12.51129476,8.368957655,14.69720901,0.672193871,0.171468317,718.0207656,8.189827145,2.314178983,17.15267272,13.24075739,0.817469451,18.46481853,19.29220989,38.32546499,1.431178848,0.362854144,11.0429953,0.354385821
354,9.92324296,4.183242004,11.18390867,9.341045333,6.601829952,1.039261553,0.01381573,652.2507492,5.189614676,2.323619311,18.92777856,8.593031942,0.882684045,24.59021193,15.76170203,41.57956352,1.847460691,0.446856488,3.562474766,0.380103581
355,9.059185247,3.809871779,11.4422451,8.906771099,18.87396953,1.487136027,0.125702873,643.5221253,7.368426004,2.436793598,14.68227793,15.4844672,1.380427799,28.62072081,14.54925864,37.40867058,1.69104348,0.531127504,8.617667036,0.540289035
356,9.767722746,4.125098688,9.511288156,8.883428043,9.975595728,1.539485074,0.103182094,623.5264102,5.771251314,2.364826655,15.6213045,9.208335668,1.048059377,34.10143137,14.81802749,50.40122436,2.290898789,0.550243096,2.544889664,0.575806449
357,8.799475706,3.651809831,11.89473217,7.918575901,16.738557,1.552285099,0.204588343,545.0805803,6.600736668,2.167953719,18.04179338,13.38736357,1.326183331,25.81717422,7.992284494,23.75984858,1.170929368,0.457624245,14.04811828,0.456348232
358,10.86766143,3.725274929,12.25691104,9.013556803,16.5744666,1.01664306,0.092446591,626.6782013,7.088586883,2.536802793,25.28546457,12.97259489,1.542221079,20.73269186,23.64967881,32.58565997,1.449193939,0.483444856,7.389830311,0.575695002
359,9.847567025,3.522983183,12.55300494,9.646260276,19.9733933,1.014986369,0.051203258,664.8240378,7.077050747,2.628996375,27.58304714,13.19201345,1.647119543,24.50931396,19.12491273,34.10542049,1.473991956,0.470878862,13.70290429,0.530656579
